app_name,price,avg_rating,rating_count,size_mb,primary_genre,content_rating,language_count,has_iap,has_support_url,min_ios,is_game_center,age_days,update_recency_days
Insight Timer–Meditate & Sleep,0.0,4.89567,430515,258.209792,Health & Fitness,12+,9,0,0,15.0,0,5858,3
Headspace: Meditation & Sleep,0.0,4.84407,973946,957.775872,Health & Fitness,4+,8,0,0,15.0,0,5039,2
Calm,0.0,4.77492,1914686,183.159808,Health & Fitness,4+,10,0,0,16.0,0,4653,13
Balance: Meditation & Sleep,0.0,4.8819,117765,179.011584,Health & Fitness,4+,1,0,0,16.0,0,2270,9
Waking Up: Meditation & Wisdom,0.0,4.92281,41833,117.654528,Health & Fitness,4+,1,0,0,16.0,0,2616,22
Medito: Guided Meditation,0.0,4.90225,3734,91.496448,Health & Fitness,4+,1,0,0,15.0,0,2042,6
Open: Breathwork + Meditation,0.0,4.88861,11671,194.833408,Health & Fitness,4+,1,0,0,16.0,0,1756,1
"Mo Meditation, Sleep, Recovery",0.0,4.50774,2322,148.245504,Health & Fitness,12+,9,0,0,16.0,0,1624,1
Mesmerize - Visual Meditation,0.0,4.73376,50917,278.431744,Health & Fitness,4+,1,0,0,18.0,0,2370,4
"Aura: Meditation & Sleep, CBT",0.0,4.67039,34377,250.36288,Health & Fitness,4+,1,0,0,14.0,0,3327,9
Happier Meditation,0.0,4.81848,141600,94.978048,Health & Fitness,4+,1,0,0,17.0,0,3818,1
Plum Village: Zen Meditation,0.0,4.95942,3573,79.113216,Health & Fitness,4+,7,0,0,15.1,0,2621,24
Breethe: Sleep & Meditation,0.0,4.73104,64858,164.819968,Health & Fitness,4+,2,0,0,15.0,0,3899,7
"Meditopia: Sleep, Meditation",0.0,4.85194,21843,109.442048,Health & Fitness,4+,15,0,0,17.0,0,3221,21
InnerNow: Meditation & Joy,0.0,4.86713,39437,59.174912,Health & Fitness,4+,1,0,0,15.1,0,1907,87
Meditation Time 2.0,0.0,4.77025,2938,165.198848,Health & Fitness,4+,1,0,0,15.6,0,4326,321
BetterSleep: Relax and Sleep,0.0,4.74817,386026,385.183744,Health & Fitness,4+,10,0,0,15.0,0,6041,6
"Simple Habit Sleep, Meditation",0.0,4.80548,77905,210.561024,Health & Fitness,4+,1,0,0,12.0,0,3519,338
Smiling Mind: Mental Wellbeing,0.0,4.76117,4945,44.38528,Health & Fitness,4+,1,0,0,13.4,0,4798,36
Unplug: Meditation,0.0,4.84973,6169,80.713728,Health & Fitness,12+,1,0,0,17.0,0,3213,10
Oak - Meditation & Breathing,0.0,4.83601,31435,189.022208,Health & Fitness,4+,1,0,0,11.0,0,2942,2046
Meditation Studio,0.0,4.79214,9030,68.004864,Health & Fitness,4+,1,0,0,12.0,0,3626,1002
Chakra Meditation Balancing,0.0,4.76346,5665,323.827712,Health & Fitness,4+,6,0,0,15.6,0,4179,6
RESPIRA: Breath & Meditation,0.0,4.78341,217,149.784576,Health & Fitness,12+,1,0,0,12.0,0,1430,65
Slowdive | Meditation & Mantra,0.0,4.64839,8211,305.046528,Lifestyle,4+,7,0,0,16.0,0,3226,3
Meditation Nest,0.0,4.67167,31170,50.895872,Health & Fitness,4+,1,0,0,11.0,0,2313,1671
HypnoBox: Hypnosis & Sleep,0.0,4.71892,1110,137.28256,Health & Fitness,12+,5,0,0,14.0,0,3016,3
Sadhguru- Yoga & Meditation,0.0,4.91727,17286,180.503552,Health & Fitness,17+,1,0,0,13.6,0,4892,3
Meditation by Soothing Pod,14.99,4.79542,8637,76.43648,Health & Fitness,4+,1,0,0,11.0,0,1954,1263
Relax Meditation: Guided Mind,0.0,4.71384,8988,315.355136,Health & Fitness,4+,9,0,0,10.0,0,5682,1665
Meditation | Down Dog,0.0,4.91017,15540,79.8208,Health & Fitness,4+,11,0,0,12.0,0,1809,338
Petit BamBou: Mindfulness,0.0,4.85862,1832,61.96224,Health & Fitness,4+,6,0,0,14.0,0,3994,0
The Mindfulness App,0.0,4.7534,7271,104.851456,Health & Fitness,4+,13,0,0,15.0,0,5404,15
Sattva Meditations & Mantras,0.0,4.82219,10737,285.003776,Health & Fitness,4+,6,0,0,15.6,0,3986,21
"TIDE: Sleep, Focus, Meditation",0.0,4.82961,8193,425.391104,Health & Fitness,4+,5,0,0,16.0,0,3564,0
Abide: Bible Prayer Meditation,0.0,4.87194,120468,556.915712,Reference,4+,1,0,0,15.0,0,4271,6
Lumenate: Explore & Relax,0.0,4.69264,5710,446.10048,Health & Fitness,17+,1,0,0,15.0,0,1733,0
Meditation & Relaxation Music,0.0,4.76592,11385,139.91424,Health & Fitness,4+,6,0,0,10.0,0,5241,2512
Glo | Yoga and Meditation App,0.0,4.8825,31558,292.105216,Health & Fitness,12+,1,0,0,15.0,0,3626,0
Brightmind Meditation,0.0,4.75372,1007,231.836672,Health & Fitness,4+,1,0,0,16.0.0,0,2923,13
The Mindfulness Meditation App,0.0,4.65481,20884,210.853888,Health & Fitness,4+,1,0,0,14.0,0,2259,17
Guided Meditation - ZenForge,0.0,4.72549,51,27.247616,Lifestyle,4+,1,0,0,16.6,0,170,41
Sense Guided Meditation,0.0,4.58988,573,134.648832,Health & Fitness,4+,1,0,0,15.0,0,1507,29
Pocket Meditation Timer,0.0,4.40029,1399,30.318592,Health & Fitness,4+,28,0,0,15.6,0,4954,139
Serenity: Guided Meditation,0.0,4.8665,1603,160.530432,Health & Fitness,4+,6,0,0,13.0,0,2637,27
Zen: Guided Meditation & Sleep,0.0,4.65902,2528,149.994496,Health & Fitness,4+,8,0,0,15.6,0,3521,6
The Way - Guided Meditation,0.0,4.92529,348,192.116736,Lifestyle,4+,1,0,0,16.0,0,651,20
BetterMe: Mental Health,0.0,4.71107,16253,115.2512,Health & Fitness,4+,15,0,0,16.0,0,2790,59
Present - Guided Meditation,0.0,4.43046,7097,103.090176,Health & Fitness,4+,1,0,0,11,0,2987,1712
Heat Pad - Relaxing Meditation,0.0,4.50857,1925,40.850432,Health & Fitness,4+,1,0,0,16.0,0,5257,411
Core Meditation,0.0,4.84029,1822,78.495744,Health & Fitness,4+,1,0,0,14.0,0,2146,916
Zen Flow - Meditate Now,0.0,4.61702,47,118.820864,Health & Fitness,4+,4,0,0,16.0,0,2907,286
Meditation and Relaxation Pro,0.0,4.84772,8826,40.537088,Health & Fitness,4+,31,0,0,10.0,0,3023,2512
Meditation & Sleep – Practico,0.0,4.23529,34,74.008576,Health & Fitness,4+,4,0,0,12.2,0,2270,959
Mindfulness.com Meditation App,0.0,4.81966,2462,115.749888,Health & Fitness,4+,1,0,0,13.0,0,2036,72
Fluid - Relax Meditate Sleep,0.0,4.63596,890,145.729536,Health & Fitness,4+,1,0,0,11.1,0,2650,2150
7Mind Meditation & Sleep,0.0,4.42105,19,81.701888,Health & Fitness,4+,5,0,0,15.0,0,2536,6
Guru: Stories & Meditation,0.0,4.43091,17962,89.645056,Health & Fitness,12+,1,0,0,14.0,0,1745,526
CanMindful - Meditation Space,0.0,4.25926,27,180.5568,Health & Fitness,12+,4,0,0,15.6,0,1045,7
Mindvalley: Self Improvement,0.0,4.76175,6384,884.624384,Education,12+,7,0,0,16.0,0,3478,8
Lumosity Mind - Meditation App,0.0,4.79277,3846,86.697984,Health & Fitness,4+,1,0,0,11.0,0,2288,1476
Meditation Moves,0.0,4.39079,87,80.507904,Health & Fitness,4+,1,0,0,9.0,0,2960,2134
Declutter The Mind Meditation,0.0,4.84068,885,56.461312,Health & Fitness,4+,1,0,0,14.0.0,0,2316,385
Mindfulness Bell,0.0,4.60215,11095,39.591936,Health & Fitness,4+,1,0,0,15.0,0,5609,1492
"Ultimate Hypnosis, Meditation",0.0,4.81818,671,161.765376,Lifestyle,4+,1,0,0,14.0,0,3911,4
Relax Meditation P: Mindfulness Sounds White Noise,2.99,4.78925,949,211.290112,Health & Fitness,4+,9,0,0,9.0,0,5711,3129
Sleep & Meditation with Zendo,0.0,4.43396,106,116.443136,Health & Fitness,4+,17,0,0,10.0,0,2352,1569
Mindful Meditation Pro,0.0,4.65868,1336,149.106688,Health & Fitness,4+,1,0,0,9.0,0,5139,1960
Relax-Age Magic & Meditation,0.0,4.48521,18866,123.573248,Health & Fitness,4+,11,0,0,13,0,2519,161
Gaia: Streaming Consciousness,0.0,4.83202,134311,162.459648,Entertainment,12+,4,0,0,16.0,0,4284,21
Mindbliss - Meditation & Sleep,0.0,4.68339,1415,81.179648,Health & Fitness,4+,1,0,0,13.2,0,3429,902
Meditative Mind: Sleep Sounds,0.0,4.86182,702,161.779712,Health & Fitness,4+,1,0,0,13.0,0,1973,365
"Idanim・Mindfulness, Meditation",0.0,4.86928,153,53.853184,Health & Fitness,4+,1,0,0,15.1,0,1202,0
Relax And Sleep Well Hypnosis,0.0,4.82068,2727,117.622784,Health & Fitness,4+,1,0,0,13.0,0,5432,497
Pura Mente: Sleep & Meditation,0.0,4.91005,9362,92.164096,Health & Fitness,4+,2,0,0,15.1,0,2508,15
"Relax Infinity: Meditate,Sleep",0.0,4.69811,53,63.33952,Health & Fitness,4+,1,0,0,12.0,0,1961,412
Relax & Rest Guided Meditation,1.99,4.79762,924,91.685888,Health & Fitness,4+,1,0,0,10.0,0,5762,1741
Meditation Moments - Guided,0.0,4.80402,597,582.07232,Health & Fitness,4+,2,0,0,15.6,0,2578,15
Gabby - Coaching & Meditation,0.0,4.91457,3254,120.608768,Health & Fitness,17+,1,0,0,15.6,0,835,7
Center Meditation Timer,0.0,4.68555,706,14.091264,Health & Fitness,4+,1,0,0,17.0,0,2862,36
3 Minute Mindfulness,0.0,4.65567,2091,112.403456,Health & Fitness,4+,2,0,0,12.0,0,3872,1272
Meditation & Relax Sleep Timer,0.0,4.63372,172,28.17536,Health & Fitness,4+,1,0,0,8.0,0,3366,2949
Soultime Christian Meditation,0.0,4.7249,5289,147.293184,Health & Fitness,4+,1,0,0,14.0,0,2699,90
Timefully • Meditation Timer,0.0,4.81243,1045,105.6,Health & Fitness,4+,1,0,0,14.0,0,2532,962
Buddhify: Guided Meditation,4.99,4.75176,6107,652.5952,Health & Fitness,4+,1,0,0,11.0,0,4341,525
Transcendental Meditation,0.0,4.8811,2069,78.53568,Health & Fitness,4+,1,0,0,15.0,0,1813,31
Now: Meditation,0.0,5,10,85.682176,Health & Fitness,4+,1,0,0,10.0,0,2929,1188
"Positiv Meditação, Paz e Sono",0.0,4.85714,112,129.10592,Health & Fitness,4+,1,0,0,13.0,0,2093,50
Moments of Space Meditation,0.0,4.63291,158,106.020864,Health & Fitness,4+,1,0,0,16.0,0,1289,98
Ensō | Meditation Timer & Bell,0.0,4.48241,199,28.321792,Health & Fitness,4+,1,0,0,9.0,0,4180,1983
Meditation & Sleep by GetFit,0.0,4.5042,119,329.728,Health & Fitness,4+,1,0,0,11.0,0,2299,2007
Soulspace Prayer & Meditation,0.0,4.92336,4410,70.721536,Reference,4+,2,0,0,13.0,0,2162,653
Frequency: Healing Meditation,0.0,4.78571,168,111.253504,Health & Fitness,4+,1,0,0,13.0,0,656,13
Flowtime: Meditation & Relax,0.0,4.30337,178,199.2448,Health & Fitness,4+,3,0,0,15.0,0,2101,191
Digipill: Guided Meditation,0.0,4.53091,1181,134.31808,Health & Fitness,4+,1,0,0,9.0,0,4733,2825
Heart of the Matter Meditation,0.0,5,11,28.203008,Health & Fitness,4+,1,0,0,15.0,0,3061,1067
Zenify: Calm Sleep Meditation,0.0,4.34,100,97.123328,Health & Fitness,12+,1,0,0,13.0,0,3501,56
Shellevate - Meditation Game,0.0,4.09999,10,130.018304,Health & Fitness,4+,1,0,0,13.0,0,1161,238
evolum - Meditation & Yoga,0.0,4.96154,26,112.178176,Health & Fitness,4+,1,0,0,15.0,0,2215,47
Calmind: Relax & Meditation,0.0,4.41934,31,77.20448,Health & Fitness,17+,1,0,0,17.0,0,2147,432
Preksha Meditation,0.0,4.90278,144,94.130176,Health & Fitness,4+,1,0,0,13.0,0,4825,14
Take3Breaths Guided Meditation,0.0,4.5,10,57.567232,Health & Fitness,4+,1,0,0,12.4,0,1631,240
SoulPod: Breathwork Meditation,0.0,4.56923,65,162.880512,Health & Fitness,12+,1,0,0,16.0,0,927,7
"Art of Living: Meditation,Yoga",0.0,4.16854,89,368.52224,Health & Fitness,12+,20,0,0,16.1,0,2947,16
"Easy, quick, simple meditation",0.0,5,1,412.621824,Lifestyle,4+,11,0,0,14.0,0,2032,2
Namatata - Balance your Sleep,0.0,4.61904,42,68.816896,Health & Fitness,4+,2,0,0,11.0,0,3325,1254
Guided Mindful Meditations,0.0,4.72807,114,129.91488,Health & Fitness,4+,1,0,0,10.3,0,3414,2624
Meditation Timer - Meditate,0.0,4.36879,282,75.79648,Health & Fitness,4+,1,0,0,18.0,0,5970,406
Easy Mindful Meditation,0.0,4.66667,6,192.26624,Lifestyle,4+,1,0,0,9.0,0,4839,2374
Chill – Mindfulness Reminders,0.0,4.8746,5271,50.425856,Health & Fitness,4+,1,0,0,14.0,0,3859,1342
BrainWave: Altered States ™,4.99,4.8842,1304,168.741888,Lifestyle,4+,3,0,0,10.0,0,6082,768
DeepSleep-Meditation & Relax,0.0,4.4,5,61.6448,Health & Fitness,4+,3,0,0,12.0,0,5055,61
8-minute Meditation,0.0,4.33333,3,71.171072,Health & Fitness,4+,3,0,0,12.0,0,4562,586
Svitlo - Ukrainian meditations,0.0,4.5,12,157.294592,Lifestyle,4+,0,0,0,13.0,0,2152,513
SoarSound: Meditation & Sleep,0.0,4.68421,19,188.429312,Lifestyle,4+,3,0,0,10.0,0,2484,1622
MYditation: Meditation & Sleep,0.0,5,1,69.033984,Health & Fitness,4+,1,0,0,12.4,0,2698,107
Hallow: Prayer & Meditation,0.0,4.88717,312164,172.107776,Reference,4+,7,0,0,15.0,0,2541,0
Othership: Guided Breathwork,0.0,4.91051,1989,129.263616,Health & Fitness,17+,1,0,0,15.0,0,1478,155
Mind Power: Guided Meditations,0.0,4.51281,39,80.516096,Lifestyle,4+,2,0,0,15.0,0,1136,14
Simetim Meditation Timer,0.0,4.65,20,46.476288,Health & Fitness,4+,1,0,0,13.0,0,4274,735
Brainwave3D: Meditation in 3D,0.0,4.5,4,109.093888,Music,4+,2,0,0,15.6,0,1008,5
Meditate & Relax | Lojong,0.0,4.95153,681,135.702528,Health & Fitness,4+,7,0,0,13.0,0,2801,12
Meditation Secrets,0.0,5,4,96.299008,Education,17+,1,0,0,15.1,0,920,61
VaYou Biofeedback Meditation,9.99,4.78723,94,116.127744,Health & Fitness,4+,2,0,0,10.0,0,2525,27
Breathing Room Meditation,0.0,4.91414,198,75.09504,Health & Fitness,4+,1,0,0,15.0,0,2275,15
Grace: Hypnosis & Meditation,0.0,4.80016,1276,185.860096,Health & Fitness,4+,1,0,0,14.0,0,1568,231
Mindist: Record Meditations,0.0,4.77656,273,49.792,Health & Fitness,4+,1,0,0,12.1,0,1674,1281
Sacred Acoustics,0.0,4.80429,792,23.522304,Education,12+,1,0,0,12.0,0,3151,854
Heartfulness: Daily Meditation,0.0,4.73332,15,131.472384,Health & Fitness,12+,1,0,0,13.0,0,544,53
Innergy: Meditation & Sleep,0.0,4.89189,444,87.806976,Health & Fitness,17+,1,0,0,13.0,0,848,27
FitMind: Mental Fitness,0.0,4.84121,15593,42.143744,Health & Fitness,4+,1,0,0,16.1,0,2236,26
ZenView - Calm and Meditation,0.0,4.70352,597,23.616512,Health & Fitness,4+,2,0,0,9.0,0,4830,2019
Akamu: Meditation & Calming,0.0,4.86,400,55.96672,Health & Fitness,4+,1,0,0,26.0,0,1877,0
Overtone Sound Meditation,0.0,4.85714,28,155.935744,Health & Fitness,17+,1,0,0,13.0,0,420,89
At Ease Anxiety Relief,2.99,4.68571,35,227.438592,Health & Fitness,4+,1,0,0,14.7,0,5642,1502
Visual Meditation Fluid ASMR,0.0,4.82895,76,316.199936,Health & Fitness,4+,1,0,0,13.0,0,910,193
Happify: for Stress & Worry,0.0,4.50734,4701,121.863168,Health & Fitness,4+,8,0,0,12.0,0,4395,510
Pulse - Breathing & Meditation,0.0,4.29948,581,63.598592,Health & Fitness,12+,1,0,0,12.0,0,3089,1585
Centering Prayer,0.0,4.89709,17267,93.733888,Health & Fitness,4+,5,0,0,15.0,0,4255,230
M.T.O. Tamarkoz Meditation,0.0,4.97973,148,109.558784,Health & Fitness,4+,1,0,0,13.4,0,2163,392
Shiv Yog: Meditate & Manifest,0.0,4.95421,546,107.413504,Lifestyle,17+,2,0,0,15.0,0,584,66
Saged: Spiritual Meditation,0.0,4.79765,10457,228.824064,Health & Fitness,12+,1,0,0,13.0,0,2575,0
Meditation Oasis: Simply Being,0.0,4.69925,2271,71.146496,Health & Fitness,4+,1,0,0,14.5,0,5812,1478
Mind Matters Meditations,9.99,4.77888,398,188.048384,Lifestyle,4+,1,0,0,12.0,0,1838,1667
AI Meditation - Audio Sessions,0.0,4.55999,25,29.003776,Health & Fitness,4+,1,0,0,16.0,0,349,36
30 Day Meditation - Petally,0.0,4.89473,19,8.858624,Health & Fitness,4+,7,0,0,13.0,0,1925,1674
"Meditation Music - Yoga, Relax",0.0,4.63529,85,87.743488,Health & Fitness,4+,20,0,0,15.0,0,1786,301
Silence Finder Meditation,0.0,4.72549,51,10.01984,Health & Fitness,4+,2,0,0,13.0,0,3990,245
MellowMe:Meditation & Breathe,0.0,4.73356,882,154.942464,Health & Fitness,4+,3,0,0,9.1,0,2769,2060
1 Giant Mind: Learn Meditation,0.0,4.38407,841,187.795456,Health & Fitness,4+,1,0,0,13.0,0,3808,301
Bliss Brain・AI Meditation App,0.0,4.61364,44,146.535424,Health & Fitness,12+,1,0,0,16.0,0,760,149
Meditation Steps,0.0,4.62962,27,50.74432,Health & Fitness,12+,2,0,0,12.0,0,2467,145
Binaural Beats Meditation Studio & Brainwave Mind,0.0,4.66397,247,28.07296,Lifestyle,12+,1,0,0,8.0,0,3306,2989
Chakra Meditation Reiki Guided,0.0,4.84082,735,133.756928,Lifestyle,4+,2,0,0,13.0,0,871,71
Inhale - Meditation and Sleep,0.0,5,1,78.843904,Health & Fitness,4+,1,0,0,11.4,0,1820,1744
Evoke Fertility Meditations,0.0,5,28,89.013248,Health & Fitness,4+,1,0,0,10.0,0,2320,2048
"Breathe: Meditation, Breathing",0.0,4.70238,252,103.59808,Health & Fitness,4+,2,0,0,15.0,0,3065,1056
Flowing ~ Meditation in Nature,0.0,4.71802,1149,106.42944,Health & Fitness,4+,2,0,0,12.0,0,3365,135
Stress Relief Relax Meditation,0.0,4.53594,153,180.191232,Lifestyle,4+,1,0,0,9.0,0,5111,2345
Flow Meditation,0.0,5,3,140.03712,Health & Fitness,4+,1,0,0,11.0,0,336,224
Mindfulness & Guided Meditations,0.0,5,2,67.270656,Health & Fitness,4+,1,0,0,8.0,0,3672,3522
Buddhism and Mindfulness Meditation,0.0,4.67856,28,393.570304,Book,4+,1,0,0,6.0,0,3829,3829
Focus: Chakra Meditation,2.99,4.81738,115,157.144064,Health & Fitness,4+,11,0,0,10.0,0,4095,2465
Preset Meditation Timer,0.0,4.83333,6,2.029568,Health & Fitness,4+,2,0,0,14.1,0,5102,1464
Timeless | Meditation,0.0,4.68785,1243,40.087552,Health & Fitness,4+,1,0,0,12.0,0,3232,760
Walking Meditations,1.99,4.375,40,86.134784,Health & Fitness,4+,1,0,0,10.2,0,5432,3164
Ajapa Japa - Meditation Lite,0.0,4.75509,49,195.786752,Medical,4+,1,0,0,8.0,0,4609,2147
Dojo: Master Meditation,0.0,5,18,78.32064,Health & Fitness,4+,1,0,0,17.0,0,526,18
Unlimited - Meditation Player,0.0,4.39773,88,50.835456,Lifestyle,4+,1,0,0,12.4,0,541,441
Motionscape: Moving Meditation,0.0,4.7339,590,266.89024,Health & Fitness,4+,3,0,0,17.0,0,709,31
Total Relaxation Meditation,0.0,4.57143,63,180.35712,Health & Fitness,4+,1,0,0,9.0,0,5201,2084
Progress Meditation,0.0,5,3,21.856256,Health & Fitness,4+,1,0,0,11.0,0,1776,1401
Move Meditation,0.0,5,3,142.298112,Health & Fitness,4+,1,0,0,13.0,0,1141,582
Mindfulness Coach,0.0,4.76694,10302,135.808,Health & Fitness,12+,1,0,0,13.0,0,4311,257
Sahajayoga Meditation,0.0,5,5,59.559936,Health & Fitness,4+,1,0,0,14.0,0,1683,143
breathe: Meditation & Timer,0.0,4.77083,48,57.562112,Health & Fitness,4+,2,0,0,10.0,0,3549,2127
Mindworks: Guided Meditation,0.0,4.67347,49,2.321408,Health & Fitness,4+,1,0,0,15.0,0,3225,1160
Wildfulness: Meditate & Relax,2.99,4.68207,541,169.800704,Health & Fitness,4+,6,0,0,12.2,0,3469,1478
Healthy Minds Program,0.0,4.87248,7779,67.642368,Health & Fitness,4+,1,0,0,13.4,0,2891,13
H*nest Meditation,1.99,4.75342,146,183.176192,Entertainment,17+,1,0,0,10.0,0,3605,2234
Breathing Zone,0.0,4.79067,3344,22.265856,Health & Fitness,4+,1,0,0,13.0,0,5670,1328
Gratitude: Self-Care Journal,0.0,4.88389,44518,68.48512,Health & Fitness,4+,1,0,0,17.0,0,2768,3
Daily Affirmations | #Mindful,0.0,4.79764,13585,22.129664,Health & Fitness,4+,1,0,0,16.0,0,4520,126
Clarity: CBT Self Help Journal,0.0,4.84462,28221,191.312896,Medical,12+,10,0,0,16.0,0,3788,5
Mindful Magazine & Courses,0.0,5,2,117.832704,Health & Fitness,4+,1,0,0,13.0,0,36,36
MindDoc: Mental Health Support,0.0,4.70573,29460,33.437696,Health & Fitness,17+,2,0,0,16.0,0,3661,14
Reflectly - Journal & AI Diary,0.0,4.56707,81716,72.59136,Health & Fitness,4+,1,0,0,15.0,0,3034,43
"Perspective, a mindful journal",0.0,4.7313,1604,55.471104,Health & Fitness,4+,1,0,0,10.0,0,3185,2420
Yoga Fit | Yoga for Beginners,0.0,4.81803,119118,483.003392,Health & Fitness,4+,18,0,0,15.0,0,2674,7
TripleGoal,0.0,4.59375,32,143.932416,Health & Fitness,4+,4,0,0,13.0,0,2934,106
MindSpa.com Sound Therapy,0.0,4.56536,18227,171.74528,Health & Fitness,4+,1,0,0,13.0,0,3263,0
HelloMind - Hypnosis & Therapy,0.0,4.13462,156,100.243456,Health & Fitness,4+,1,0,0,13.0,0,5612,253
Begin: Mindfulness & Wellbeing,0.0,4.57447,47,56.923136,Health & Fitness,4+,1,0,0,13.4,0,234,43
Guided Mindfulness Meditation,0.0,4.69474,95,107.809792,Health & Fitness,4+,10,0,0,13.4,0,4729,108
Harmony Self Hypnosis,0.0,4.80422,3877,79.193088,Health & Fitness,4+,1,0,0,16.6,0,5829,52
I am - Daily Affirmations,0.0,4.84692,685978,315.111424,Health & Fitness,4+,14,0,0,16.0,0,4208,1
Being Mindful,0.0,4.625,8,183.44448,Health & Fitness,4+,1,0,0,12.0,0,2667,1403
Mind Alcove: Daily Mindfulness,0.0,5,9,286.40256,Lifestyle,4+,1,0,0,16.2,0,1751,246
Breathing & HRV: MindBreath,0.0,4.76715,335,77.270016,Health & Fitness,12+,6,0,0,15.0,0,1448,7
Primed Mind: #1 Mindset App,0.0,4.89743,507,35.001344,Health & Fitness,12+,1,0,0,12.4,0,3102,617
Cingulo: Healing and Growth,0.0,4.95754,683,69.607424,Health & Fitness,12+,2,0,0,13,0,2190,61
Reframe Mind: Master Stress,0.0,4.35714,238,300.146688,Health & Fitness,12+,1,0,0,15.0,0,1416,769
Flow Lab: Growth Mindset Coach,0.0,4.83911,895,53.989376,Health & Fitness,4+,2,0,0,11.0,0,2535,375
MINDMOD: Hypnosis & Meditation,0.0,4.8582,134,66.929664,Health & Fitness,17+,1,0,0,13.4,0,487,21
MindStrong Sport,0.0,4.74157,89,155.015168,Health & Fitness,12+,1,0,0,14.0,0,1898,14
The Healing Mind,0.0,4.85714,42,54.953984,Health & Fitness,4+,1,0,0,14.0,0,1239,9
CalmMind : Relax & Breathe,0.0,4.5873,63,13.7472,Health & Fitness,4+,1,0,0,18.0,0,641,38
Dhamma.org,0.0,4.78409,176,135.149568,Health & Fitness,4+,18,0,0,12.0,0,3162,129
Guided Mind,0.0,4.625,368,19.166208,Health & Fitness,4+,2,0,0,8.0,0,4475,2892
"Journey - Diary, Journal",0.0,4.64607,4984,224.915456,Lifestyle,4+,15,0,0,18.6,0,2913,2
MindReset - Just 2 min a day!,0.0,4.08333,24,83.233792,Health & Fitness,4+,3,0,0,13.0,0,2023,11
mindfulness bell - Quiet,0.0,4.66667,51,48.1536,Health & Fitness,4+,1,0,0,17.0,0,548,0
AteMate Food Journal (Ate),0.0,4.79141,10106,190.608384,Health & Fitness,12+,1,0,0,13.0,0,3198,42
Mindful Nation,0.0,4.55556,18,113.891328,Health & Fitness,9+,1,0,0,15.0,0,1369,80
Respire: Mindful breathing,0.0,5,73,66.599936,Health & Fitness,4+,2,0,0,15.0,0,2297,167
Loving Kindness,0.0,4.81846,5294,188.862464,Health & Fitness,4+,1,0,0,16.0,0,795,1
Portal - Escape Into Nature,0.0,4.77775,9710,316.577792,Health & Fitness,4+,1,0,0,13.0,0,2473,414
UniverseMind App,0.0,5,15,47.273984,Health & Fitness,4+,1,0,0,12.0,0,924,53
Shmoody: Mood & Habit Tracker,0.0,4.84408,16163,115.540992,Health & Fitness,12+,1,0,0,15.1,0,1826,10
Mindfulness Based Living,0.0,5,4,114.38592,Lifestyle,17+,1,0,0,9.0,0,2990,2214
Better Sleep with KindMind,0.0,4.63462,260,194.33472,Health & Fitness,4+,7,0,0,13.0,0,1639,940
Mind Hero - Guided Relaxation,0.0,5,1,52.340736,Health & Fitness,4+,1,0,0,9.3,0,3095,1125
ADHD Self-Care Coach: Evolve,0.0,4.71347,1068,130.613248,Health & Fitness,4+,1,0,0,17.2,0,1956,2
Breathe With Me: breathwork,0.0,4.90475,21,54.718464,Health & Fitness,4+,2,0,0,13.0,0,1052,440
Welli,0.0,4.59999,5,76.49792,Health & Fitness,12+,1,0,0,15.5,0,3709,441
Mindful Mandala Art Studio,0.0,4.14286,7,100.001792,Graphics & Design,17+,37,0,0,16.6,0,1371,16
Rosebud: AI Journal & Diary,0.0,4.90296,1855,65.815552,Health & Fitness,4+,18,0,0,15.1,0,471,0
On My Mind - Next Jump,0.0,4.55556,9,35.894272,Business,4+,1,0,0,15.1,0,2533,57
Mind Body Tool,0.0,4.64706,17,88.628224,Health & Fitness,12+,1,0,0,17,0,3775,562
Soma: Wellness & Meditation,0.0,4.44444,18,102.35392,Health & Fitness,4+,10,0,0,14.0.0,0,616,0
Mushin Mind,0.0,5,2,93.799424,Health & Fitness,4+,1,0,0,15.1,0,1192,41
Mindbody: Fitness & Wellness,0.0,4.89536,250344,350.688256,Health & Fitness,4+,2,0,0,15.0,0,4465,9
Mindfulness: 2012 (Original),0.0,4.75,8,438.889472,Health & Fitness,4+,1,0,0,9.0,0,4785,1834
SonderMind - Mental Health,0.0,4.71976,7972,184.894464,Health & Fitness,12+,1,0,0,16.0,0,2282,5
Mind Mapping - MindMeister,0.0,4.43553,1210,38.238208,Productivity,4+,12,0,0,16.0,0,5600,145
Levelhead: Mindfulness App,0.0,4.71429,7,38.858752,Education,4+,1,0,0,11.0,0,2945,823
Osho Talking To Your BodyMind,7.99,4.53125,32,49.64352,Lifestyle,4+,1,0,0,12.0,0,3529,33
The Yoga Collective | Studio,0.0,4.77024,5780,51.341312,Health & Fitness,12+,1,0,0,10.0,0,2369,649
Planet Mindfulness,0.0,5,3,390.69696,Lifestyle,4+,27,0,0,14.0,0,979,702
Neurocycle,0.0,4.79308,1619,41.5744,Health & Fitness,17+,1,0,0,15.1,0,2366,42
Reflect: Meditate & Relax,0.0,4.29167,24,59.277312,Health & Fitness,4+,1,0,0,13.0,0,1338,1
AEON Mindfulness App,0.0,5,2,39.067648,Health & Fitness,4+,1,0,0,6.0,0,4271,3099
Being Me: Journal/Goals/Habits,0.0,4.8427,4590,29.717504,Health & Fitness,4+,1,0,0,15.0,0,2289,336
A Happy Mind-Guided Meditation,0.0,4.5625,64,128.586752,Health & Fitness,4+,1,0,0,9.0,0,2481,2148
Unwinding Anxiety,0.0,4.83542,4685,117.328896,Health & Fitness,12+,1,0,0,13.0,0,2979,142
"Meditation: Mindfulness, Sleep",0.0,5,4,25.252864,Health & Fitness,4+,5,0,0,16.0,0,445,154
Honestly: Wellbeing Coaching,0.0,4.81113,3685,98.327552,Health & Fitness,4+,5,0,0,15.0,0,421,6
"Clear Your Mind, Mindfulness",0.0,4.75,60,148.840448,Health & Fitness,4+,1,0,0,9.0,0,5139,2217
Feeld: Open-Minded Dating App,0.0,4.31393,88768,246.790144,Lifestyle,17+,5,0,0,16.0,0,4162,9
CBT Companion: Therapy Journal,0.0,4.63889,432,67.457024,Health & Fitness,12+,1,0,0,14.1,0,2510,135
Mindful USC,0.0,4.77676,327,88.892416,Health & Fitness,4+,1,0,0,10.0,0,2966,2096
Equa,0.0,4.9378,209,87.131136,Health & Fitness,4+,1,0,0,15.1,0,1565,41
Self improvement meditation,0.0,4.59406,101,165.250048,Health & Fitness,4+,1,0,0,11.2,0,2988,1368
Embrace - Mindful Moments,0.0,5,13,62.22336,Lifestyle,4+,1,0,0,12.0,0,259,43
Triple Flame,0.0,4.56338,71,46.342144,Lifestyle,4+,1,0,0,15.1,0,924,20
ReMind mindfulness,0.0,5,2,25.28256,Health & Fitness,4+,1,0,0,13.4,0,407,326
Iona: Mental Health Support,0.0,4.78378,111,3.518464,Health & Fitness,17+,1,0,0,13.0,0,1974,491
ThinkRight: Meditation & Sleep,0.0,4.4092,435,126.70976,Health & Fitness,4+,1,0,0,15.6,0,2538,169
Meditate - Mindfulness app,0.0,4.53465,101,165.912576,Health & Fitness,4+,1,0,0,17.0,0,3081,66
WeMind CID,0.0,4.25,4,49.010688,Health & Fitness,4+,1,0,0,13.0,0,991,575
SimpleMind - Mind Mapping,0.0,4.5514,963,31.783936,Productivity,4+,15,0,0,15.0,0,6114,1
Meditation Timer - Zenitizer,0.0,4.75978,179,156.009472,Health & Fitness,4+,1,0,0,16.4,0,910,13
Aware: Mindfulness & Wellbeing,0.0,4.66667,12,82.809856,Health & Fitness,12+,3,0,0,15.5,0,921,265
Fabulous: Daily Habit Tracker,0.0,4.4793,84960,473.71776,Health & Fitness,4+,7,0,0,17.0,0,2920,2
Crea Meditation: Calm Mind,0.0,4.75,4,164.758528,Health & Fitness,4+,8,0,0,11.0,0,1973,1257
HeartMath,0.0,4.85791,3343,208.97792,Health & Fitness,4+,1,0,0,17.6,0,819,2
MINDFORGE Self Hypnosis & Aura,0.0,4.625,8,183.359488,Health & Fitness,4+,1,0,0,12.1,0,1437,968
Hello Mindful,0.0,4.14286,7,15.05792,Productivity,4+,1,0,0,9.0,0,2616,2313
Studio+ Discover Live Courses,0.0,5,26,233.460736,Health & Fitness,4+,2,0,0,15.0,0,2176,490
Thinky: Mindful Journal,0.0,4.70967,93,51.39456,Lifestyle,4+,1,0,0,10.0,0,2151,1767
Quality Mind Global,0.0,4.95238,21,38.452224,Productivity,12+,1,0,0,15.0,0,2834,72
MindFull: Anxiety Tracker,0.0,5,4,34.806784,Health & Fitness,4+,1,0,0,11.0,0,1909,1047
ReikiAll - Practice & Timer,0.0,4.88558,944,150.680576,Health & Fitness,4+,12,0,0,18.6,0,2768,3
Mindful Daily Affirmations,0.0,4.85586,111,85.377024,Health & Fitness,4+,7,0,0,17.0,0,1100,161
Nordic Flow: Breathwork,0.0,4.75,36,116.60288,Health & Fitness,12+,1,0,0,13.0,0,859,24
MindFi: Mind Fitness for All,0.0,4.70068,147,432.873472,Health & Fitness,4+,16,0,0,15.0,0,3046,155
Liferise AI Mystic Mindfulness,0.0,4.84833,600,91.949056,Health & Fitness,4+,1,0,0,11.0,0,3113,589
Financial Mindfulness,0.0,5,1,70.053888,Finance,4+,1,0,0,11.0,0,2277,564
Mindful Brian,0.0,5,1,78.28992,Health & Fitness,4+,1,0,0,15.6,0,2269,8
MindEase: Calm & Focus,0.0,4.36296,135,121.547776,Health & Fitness,4+,1,0,0,14.1,0,2785,244
Desté: Mindfulness Journal,0.0,5,12,484.661248,Lifestyle,17+,2,0,0,16.0,0,700,13
Zenfulnote: Journal & Heal,0.0,4.84727,2999,296.229888,Health & Fitness,12+,1,0,0,16.0,0,794,41
"Taom: Mindfulness, reinvented",0.0,4.93333,15,195.900416,Health & Fitness,4+,2,0,0,15.6,0,1440,109
minding - mindfulness guide,0.0,4.26786,56,82.972672,Health & Fitness,4+,1,0,0,12.4,0,2583,133
Flow Mindfulness game Lila,0.0,5,17,97.02912,Health & Fitness,17+,2,0,0,12.0,0,1975,175
Enhanced - Guided Meditation,0.0,4.62025,79,127.133696,Health & Fitness,4+,1,0,0,13.0,0,1753,55
Unwind: Breathing Exercises,0.0,4.78369,564,166.03136,Health & Fitness,4+,1,0,0,16.4,0,2323,36
Mind Space,0.0,5,1,5.380096,Health & Fitness,4+,2,0,0,14.5,0,2872,1235
Rewritten Mindfulness,0.0,5,1,84.717568,Lifestyle,4+,1,0,0,15.0,0,1282,128
Attention: Mindful Motivation,0.0,5,194,9.138176,Health & Fitness,12+,1,0,0,16.2,0,1311,371
"Grid Diary - Journal, Planner",0.0,4.63021,960,70.595584,Lifestyle,4+,11,0,0,16.0,0,2508,154
Earkick - Self Care AI Coach,0.0,4.75813,3229,186.998784,Health & Fitness,4+,2,0,0,15.6,0,1487,2
Still Mind - Meditation Timer,0.0,4.75,4,24.841216,Health & Fitness,4+,1,0,0,9.0,0,3603,3341
5 Minute Journal・Daily Diary,0.0,4.75507,16613,189.033472,Health & Fitness,4+,4,0,0,17.6,0,3530,1
Sleep Cycle - Tracker & Sounds,0.0,4.65101,15178,427.231232,Health & Fitness,4+,14,0,0,15.0,0,5963,3
"ShutEye®: Sleep Tracker, Sound",0.0,4.76905,341128,467.825664,Health & Fitness,4+,8,0,0,15.0,0,2173,0
SleepWatch - Top Sleep Tracker,0.0,4.65374,328581,417.311744,Health & Fitness,4+,1,0,0,15.0,0,3391,88
Pillow: Sleep Tracker,0.0,4.37521,94938,683.375616,Health & Fitness,12+,14,0,0,16.0,0,4200,2
"Sleep Sounds White Noise, Rain",0.0,4.75742,34459,75.46368,Health & Fitness,4+,1,0,0,10.0,0,2462,625
AutoSleep Track Sleep on Watch,8.99,4.70688,59879,47.645696,Health & Fitness,4+,14,0,0,11.0,0,3257,346
RISE: Sleep Tracker,0.0,4.69115,45605,231.335936,Health & Fitness,12+,7,0,0,15.1,0,2284,2
Sleep,0.0,4.27768,9709,64.39936,Health & Fitness,4+,6,0,0,13.0,0,2360,149
White Noise Lite,0.0,4.82692,258846,88.946688,Health & Fitness,4+,3,0,0,13.0,0,6244,50
SnailSleep-Tracker&Sound&Relax,0.0,4.69867,375,146.907136,Health & Fitness,12+,4,0,0,13.0,0,630,12
"Sleep Tracker: Recorder, Sound",0.0,4.76169,6672,370.198528,Health & Fitness,4+,17,0,0,12.0,0,1519,10
Sleep++,0.0,4.10726,5622,12.06784,Health & Fitness,4+,1,0,0,15.0,0,3712,56
Sleep Sounds by Sleep Pillow,0.0,4.87387,87164,181.738496,Health & Fitness,4+,1,0,0,12.0,0,5448,752
Rain Rain Sleep Sounds,0.0,4.84649,131641,105.27232,Health & Fitness,4+,4,0,0,12.0,0,5122,301
Sleepiest: Sleep Meditations,0.0,4.64247,29964,253.673472,Health & Fitness,4+,8,0,0,17.0,0,2665,12
Pokémon Sleep,0.0,4.48323,20154,248.41216,Games,4+,8,0,0,14.0,0,855,28
"Loóna: Sleep, reduce anxiety",0.0,4.56144,25527,232.873984,Health & Fitness,4+,5,0,0,15.6,0,2080,243
Endel: Focus & Sleep Sounds,0.0,4.64803,30048,348.259328,Health & Fitness,4+,10,0,0,18.0,0,2709,2
Sleep Monitor: Sleep Tracker,0.0,4.60396,4694,356.95104,Health & Fitness,12+,23,0,0,13.0,0,1995,8
Sleep Tracker & Sleep Recorder,0.0,4.50169,12653,109.724672,Medical,12+,10,0,0,15.0,0,3843,7
Slumber－Calm Stories for Sleep,0.0,4.70938,24995,195.15392,Health & Fitness,4+,1,0,0,12.0,0,3261,16
Sleepzy - Sleep Cycle Tracker,0.0,4.30887,22388,281.669632,Health & Fitness,17+,19,0,0,13.0,0,3601,219
Stellar Sleep: Insomnia CBT,0.0,4.73948,2591,137.634816,Health & Fitness,4+,1,0,0,14.0,0,1399,43
White Noise - Sleep Sounds Fan,0.0,4.77797,5828,87.8592,Health & Fitness,4+,1,0,0,15.5,0,591,166
White Noise Deep Sleep Sounds,0.0,4.80105,194529,217.951232,Health & Fitness,4+,33,0,0,12.0,0,3563,31
Sleep Time: Cycle Alarm Timer,0.0,4.69719,5340,203.565056,Health & Fitness,4+,31,0,0,12.0,0,4817,810
SleepScore,0.0,4.36605,7406,182.747136,Health & Fitness,12+,2,0,0,15.6,0,2697,7
"Alarmy: Loud Alarm Clock,Sleep",0.0,4.76983,222467,251.608064,Lifestyle,4+,32,0,0,16.0,0,3320,5
Fan Noise Sleep Sounds,0.0,4.76258,22572,57.982976,Health & Fitness,4+,23,0,0,10.0,0,3401,1875
Rem: Auto Sleep Tracker Watch,0.0,4.19355,2542,98.270208,Health & Fitness,12+,4,0,0,16.0,0,1831,50
Soothing Sleep Sounds,0.0,4.76136,33670,104.54528,Health & Fitness,4+,11,0,0,15.0,0,4162,78
Avrora Sleep Sounds & Stories,0.0,4.54901,17923,269.568,Health & Fitness,4+,6,0,0,13.0,0,2573,70
Sleep Timer – Smart alarm,0.0,4.69008,1423,87.566336,Health & Fitness,4+,2,0,0,15.0,0,3636,52
Sleep Meister Lite,0.0,4.62124,631,23.113728,Health & Fitness,4+,2,0,0,18.0,0,4656,37
Calm Sleep - Rest & Relax,0.0,4.71183,1402,102.31296,Health & Fitness,4+,1,0,0,18.0,0,86,2
SnoreLab : Record Your Snoring,0.0,4.71146,55181,193.273856,Medical,12+,16,0,0,17.0,0,4773,1
Sleep Fan,0.0,4.78701,34077,118.227968,Lifestyle,4+,1,0,0,15.6,0,5047,26
Sleep: Sounds & Meditation,0.0,4.63371,9992,44.32384,Health & Fitness,4+,1,0,0,12.0,0,2090,973
Sleep Talk Recorder,0.0,4.36049,2688,39.361536,Utilities,17+,12,0,0,16.6,0,5540,113
NapBot - Auto Sleep Tracker,0.0,4.16207,6250,16.815104,Health & Fitness,4+,1,0,0,16.0,0,2254,69
Hatch Sleep,0.0,4.60401,59295,1191.650304,Health & Fitness,4+,1,0,0,17.0,0,3222,0
Nanit,0.0,4.65883,30284,634.181632,Lifestyle,4+,4,0,0,17.0,0,3288,1
White Noise Ambience Lite,0.0,4.72161,3294,88.786944,Health & Fitness,4+,1,0,0,12.0,0,5327,104
Smart Sleep Coach by Pampers™,0.0,4.71371,5421,164.009984,Health & Fitness,4+,2,0,0,15.0,0,1277,58
"Sleep Tracker&Cycle,SleepScope",0.0,4.55556,9,5.793792,Utilities,4+,3,0,0,16.6,0,76,40
"Pzizz - Sleep, Nap, Focus",0.0,4.78024,9647,28.389376,Health & Fitness,4+,1,0,0,14.0,0,4083,62
Sleep Sounds & White Noise,0.0,4.5073,274,489.693184,Health & Fitness,4+,1,0,0,15.6,0,3357,162
Alarm Clock Sleep Sounds Plus,0.0,4.54481,6204,134.00576,Health & Fitness,4+,6,0,0,10.0,0,4728,2535
"Relaxing Sounds, Sleep Easy",0.0,4.65603,15850,76.174336,Health & Fitness,4+,4,0,0,9.0,0,5024,1034
Rest: Fix Your Sleep For Good,0.0,4.44993,2187,200.173568,Health & Fitness,4+,1,0,0,15.0,0,1316,0
Sleep Machine,3.99,4.73432,2902,113.061888,Health & Fitness,4+,1,0,0,8.0,0,5967,1739
Sleep Recorder And Monitor,0.0,4.33582,1870,93.104128,Health & Fitness,4+,1,0,0,12.0,0,2275,5
Sleep Time+ Cycle Alarm Timer,1.99,4.77199,2478,203.565056,Health & Fitness,4+,31,0,0,12.0,0,4990,806
SleepMapper,0.0,4.68031,3688,202.288128,Health & Fitness,4+,16,0,0,16.6,0,2927,50
Sleep With Me: Fall Asleep App,0.0,4.18984,2007,318.862336,Medical,4+,5,0,0,10.0,0,2159,1055
Sleep Recorder Plus,0.0,4.24118,510,82.738176,Medical,4+,10,0,0,15.0,0,3476,365
Eight Sleep,0.0,4.71774,12138,163.56864,Health & Fitness,12+,1,0,0,16.0,0,3428,8
Sleep Number,0.0,4.53226,117096,90.192896,Health & Fitness,4+,1,0,0,15.1,0,4296,84
Sleepwave: Alarm & Tracker,0.0,4.67337,5970,208.5888,Health & Fitness,12+,16,0,0,15.1,0,1367,6
sleepme,0.0,4.63419,2966,219.226112,Health & Fitness,4+,1,0,0,16.0,0,1417,212
Green Noise Calm Sleep Sounds,0.0,4.82536,14819,202.010624,Health & Fitness,4+,8,0,0,16,0,1058,31
Sleep Aid Fan - White Noise,0.0,4.82515,45896,33.217536,Lifestyle,4+,1,0,0,13,0,3419,169
Sleeptracker®,0.0,4.49662,11532,89.468928,Lifestyle,4+,2,0,0,16.6,0,3510,40
Relax Melodies P: Sleep Sounds,99.99,4.77702,6431,150.757376,Health & Fitness,4+,9,0,0,9.0,0,5901,2764
Night Owl - Sleep Coach,9.99,4.37209,129,101.122048,Health & Fitness,4+,1,0,0,8.0,0,3681,1873
Sleep Music Timer,0.0,4.54784,7493,10.650624,Utilities,4+,3,0,0,12.0,0,4040,506
"Sleepway: Sleep Tracker, Sound",0.0,4.7051,5802,231.888896,Health & Fitness,12+,12,0,0,14.0,0,437,9
Sounds to Help you Sleep Well,0.0,4.46075,293,128.756736,Health & Fitness,4+,6,0,0,12.0,0,2425,1778
Rest: White Noise Sleep Sounds,0.0,4.45833,408,58.796032,Medical,4+,1,0,0,14.0,0,2402,19
Green Noise - Sleeping Sounds,0.0,4.69064,1196,101.206016,Health & Fitness,4+,1,0,0,15.0,0,1013,180
Sleep Sounds - Relax & Sleep,0.0,4.81411,2878,92.389376,Health & Fitness,4+,18,0,0,13,0,1584,260
"Happiest Baby, makers of SNOO",0.0,3.93548,4324,75.352064,Health & Fitness,4+,7,0,0,15.0,0,1106,15
Ocean Wave Sounds for Sleep,0.0,4.67811,6527,52.304896,Lifestyle,4+,1,0,0,16.0,0,4682,685
Noise Machine Sleep Sounds SSP,0.0,4.65013,1129,103.600128,Health & Fitness,4+,1,0,0,15.1,0,1197,15
Sleep Tracker - Sleep Well,0.0,5,3,178.07872,Health & Fitness,4+,8,0,0,15.0,0,308,183
Ozlo Sleepbuds,0.0,4.70737,2006,235.259904,Health & Fitness,12+,1,0,0,17.0,0,632,0
MooNite:Sleep Tracker &Record,0.0,4.72093,86,67.18976,Health & Fitness,4+,3,0,0,14.0,0,1247,1125
Sleep Sounds HQ: relaxing aid,59.99,4.81479,3002,53.229568,Health & Fitness,4+,11,0,0,15.0,0,4241,72
Calm & Sleep Sounds,0.0,4.65435,2138,12.38016,Health & Fitness,4+,1,0,0,13.5,0,2649,1653
Sleep Tracker & Snore Recorder,0.0,4.23393,996,30.357504,Health & Fitness,4+,9,0,0,16.0,0,1111,595
Rain Sounds HQ: sleep aid,0.0,4.78207,26642,76.479488,Medical,4+,11,0,0,15.0,0,4120,78
Brown Noise for Sleep,0.0,4.756,6873,100.983808,Health & Fitness,4+,1,0,0,15.0,0,1061,2
Sleep School: Insomnia Help,0.0,4.888,250,119.350272,Health & Fitness,12+,1,0,0,17.2,0,1788,379
Sleep Talking Recorder,0.0,4.70455,44,263.933952,Health & Fitness,4+,1,0,0,17.6,0,177,112
"Sleeping Sounds, Relax & Sleep",39.99,4.77093,227,102.972416,Health & Fitness,4+,1,0,0,15.0,0,3568,385
Zen Sleep: Insomnia & Stress,0.0,4,4,116.888576,Health & Fitness,4+,1,0,0,13.0,0,1343,30
Moonlight: Sleep & Sounds,0.0,4.16471,85,654.736384,Productivity,4+,1,0,0,15.0,0,1803,322
SleepTown,1.99,4.64883,1458,162.496512,Health & Fitness,4+,9,0,0,11.0,0,3123,728
OOLER,0.0,4.75621,3142,33.492992,Health & Fitness,4+,1,0,0,14.0,0,2340,580
Sleep Sound & White Noise App,0.0,4.7027,37,135.552,Health & Fitness,4+,1,0,0,13.0,0,1371,902
Watch Sleep Tracker,0.0,4.23913,46,21.801984,Health & Fitness,4+,2,0,0,16.0,0,933,74
ASleep: Tracker and Relax,0.0,4.65843,770,159.004672,Health & Fitness,4+,1,0,0,15.0,0,170,22
Sleep like a Baby: White Noise,0.0,4.64614,130,152.890368,Lifestyle,4+,1,0,0,15.0,0,3068,7
SleepWell - Sleep Tracker,0.0,4.60302,199,120.443904,Health & Fitness,4+,10,0,0,13.0,0,316,224
AI Sleep Guru - Sleep Tracker,0.0,4.55556,81,157.090816,Utilities,12+,1,0,0,13.0,0,1246,282
Sleep Reset: CBT for Insomnia,0.0,4.78505,3117,70.518784,Health & Fitness,12+,1,0,0,13.0,0,1521,41
Sleepscape: Sleep Aid Alarm,0.0,4.55556,9,155.951104,Lifestyle,12+,1,0,0,26.0,0,659,5
"Moshi Kids: Sleep, Relax, Play",0.0,4.73259,67436,98.043904,Education,4+,1,0,0,12.0,0,2917,94
Sleep with Yogi Bryan Rituals,0.0,4.92351,1242,155.610112,Health & Fitness,17+,1,0,0,14.0,0,1307,3
Dreamy - Relaxing Sleep Sounds,0.0,4.33333,6,30.531584,Health & Fitness,4+,1,0,0,9.1,0,3075,2991
Yoga Nidra: Sleep Soundly.,0.0,5,2,41.223168,Health & Fitness,4+,1,0,0,17.0,0,295,44
CBT-I Coach for Insomnia,0.0,4.33333,51,28.261376,Health & Fitness,12+,1,0,0,16.0,0,153,99
Relaxed - Sleep Sounds & Relax,0.0,4.65989,2458,132.799488,Health & Fitness,4+,1,0,0,9.0,0,2865,2473
Deep Sleep Sounds - Pro,12.99,4.87986,2780,196.599808,Health & Fitness,4+,23,0,0,9.0,0,3568,2526
White Noise,0.99,4.84374,44169,78.92992,Health & Fitness,4+,3,0,0,13.0,0,2485,50
Deep Sleep with AJ,2.99,4.16312,141,99.684352,Health & Fitness,17+,1,0,0,10.0,0,5858,1638
Sleep Baby Sleep,0.0,4.71892,555,9.214976,Lifestyle,4+,5,0,0,15.6,0,4937,169
Sleepia: Smart Sleep Tracker,0.0,4.63571,140,320.4864,Health & Fitness,17+,1,0,0,15.6,0,681,189
Sleep Details,0.0,4.39842,1014,18.31936,Health & Fitness,4+,9,0,0,18,0,1723,71
TaoMix 2: Sleep Sounds & Focus,0.0,4.57801,4621,59.034624,Health & Fitness,4+,8,0,0,11.2,0,3494,1014
Remy AI: Sleep & Health coach,0.0,4.94326,141,296.403968,Health & Fitness,12+,2,0,0,14.0,0,898,124
Reverie Nightstand,0.0,4.22869,3966,163.8912,Lifestyle,4+,1,0,0,14.0,0,3428,926
DreamMapper,0.0,4.55545,119330,79.038464,Medical,4+,23,0,0,13.0,0,4799,86
JUKUSUI-Sleep Cycle Alarm,0.0,4.5,14,123.834368,Health & Fitness,9+,2,0,0,13.0,0,4221,3
"Sleep Tracker, Recorder",0.0,4.4943,1141,209.019904,Health & Fitness,4+,4,0,0,12.0,0,1641,625
Baby Diary: Sleep,0.0,4.93388,121,135.126016,Medical,4+,5,0,0,15.0,0,2050,211
Good Sleep: Auto Sleep Tracker,0.0,4.59302,86,77.786112,Health & Fitness,4+,1,0,0,13.2,0,2083,1809
Sleep Cycle - Sleep Calculator,0.0,4.5625,16,37.899264,Health & Fitness,4+,14,0,0,16.0,0,1723,3
Alarm Clock HD,0.0,4.53824,102129,110.824448,Utilities,4+,11,0,0,18.6,0,5124,24
Saga Sleep,0.0,4.72549,102,84.071424,Health & Fitness,4+,1,0,0,15.0,0,2068,545
Sleep Well: Health Tracker,0.0,4.71174,5554,148.179968,Health & Fitness,4+,13,0,0,15.0,0,475,1
MindZone®: Brainwave for Sleep,0.0,4.81081,6676,189.262848,Health & Fitness,4+,1,0,0,14.0,0,2128,8
Moongate: Binaural Beats,0.0,4.6828,39436,97.084416,Music,4+,1,0,0,16.0,0,749,69
Sleep Habits: Sleep Better,0.0,4.2,15,88.982528,Health & Fitness,4+,1,0,0,13.0,0,2216,787
Sleepi: Sounds to Sleep Well,0.0,4.65517,377,200.751104,Health & Fitness,4+,31,0,0,13.0,0,2018,6
Sleep Science Alarm Clock,0.0,4.43248,474,96.18944,Medical,4+,11,0,0,15.0,0,3880,35
Osleep: Sounds for Fast Sleep,0.0,5,4,236.88704,Health & Fitness,17+,2,0,0,13.0,0,855,82
Muse: Brain Health & Sleep,0.0,4.36225,1441,247.99744,Health & Fitness,4+,4,0,0,15.0,0,4216,14
iSleep Easy,3.99,4.71292,418,179.93728,Health & Fitness,4+,1,0,0,12.0,0,4997,1568
mySleepButton,0.0,4.54369,206,168.327168,Health & Fitness,4+,5,0,0,9.0,0,4227,124
SleepMaster:AI Sleep Tracker,0.0,4.968,125,84.492288,Health & Fitness,4+,1,0,0,15.6,0,618,78
Deep Sleep Tracker: Best Sleep,0.0,4.78333,60,223.47776,Health & Fitness,4+,8,0,0,15.0,0,696,58
Deep Sleep Hypnotherapy,0.0,4.75369,203,77.809664,Medical,4+,1,0,0,16.6,0,5770,70
Sleep Monitor: Sleep Tracking,0.0,4.88,50,52.799488,Health & Fitness,12+,1,0,0,15.6,0,365,269
Sleep Sounds - SleepMaster,0.0,4.64394,264,48.006144,Health & Fitness,4+,1,0,0,16.4,0,957,132
Sleeping Well,0.0,4.64516,31,116.56704,Health & Fitness,4+,3,0,0,12.0,0,4825,887
Sleep - Relax & Meditate,0.0,4.72614,241,54.738944,Health & Fitness,4+,8,0,0,14.0,0,3852,1651
Sleep Meister,1.99,4.74324,74,17.132544,Health & Fitness,4+,2,0,0,18.0,0,4656,63
Light Sleep - White Noise,0.0,4.79412,34,126.041088,Health & Fitness,4+,2,0,0,12.0,0,906,322
NightOwl Companion,0.0,4.79653,49865,38.339584,Medical,4+,1,0,0,16.2,0,2670,15
Sleep Sounds by AcousticSheep®,0.0,4.60993,141,26.7776,Lifestyle,4+,1,0,0,11,0,2294,1576
Sleep Routine: Tracker&Alarm,0.0,3.66667,24,217.739264,Health & Fitness,17+,3,0,0,16.2,0,1164,223
Hypnosis: Visual Sleep Sounds,0.0,3.71429,7,283.112448,Health & Fitness,4+,1,0,0,12.1,0,1626,744
Better Sleep: Sleep Sounds,0.0,5,3,109.079552,Health & Fitness,4+,1,0,0,12.0,0,1624,1089
Sleep Sounds: relaxing sounds,2.99,4.66231,1913,23.087104,Health & Fitness,4+,6,0,0,13.1,0,3241,1759
"Sleep Sounds:Rain,White noise",0.0,5,1,616.155136,Health & Fitness,4+,4,0,0,14.0,0,255,10
Better Sleep with Sleeep+,0.0,4.5625,32,205.595648,Health & Fitness,4+,17,0,0,16.0,0,1019,56
Sleepify：Sleep & White Noise,0.0,5,4,163.698688,Health & Fitness,4+,1,0,0,15.0,0,273,12
Binaural Beats Healing Sleep,0.0,4.83772,2354,194.955264,Music,4+,1,0,0,15.0,0,1003,28
SleepyNight-sleep tracker free,0.0,4.70192,208,130.6112,Health & Fitness,4+,6,0,0,15.0,0,1577,141
Sleep Science HQ: alarm clock,4.99,4.48386,93,100.73088,Medical,4+,11,0,0,15.0,0,3838,37
Better Sleep - White Noise,0.0,4.52406,374,139.736064,Health & Fitness,4+,1,0,0,14.0,0,1785,215
White Noise Ambience,3.99,4.84741,367,140.337152,Health & Fitness,4+,1,0,0,12.0,0,5347,104
Meditation & Sleep by Verv,0.0,4.56217,5219,107.030528,Health & Fitness,4+,10,0,0,13.0,0,2897,1193
Habit Tracker,0.0,4.79753,128415,225.927168,Productivity,4+,7,0,0,13.0,0,2485,0
Habit Burger Grill,0.0,4.82706,50070,83.749888,Food & Drink,4+,1,0,0,12.0,0,2478,2
Atoms - from Atomic Habits,0.0,4.82903,9569,234.062848,Productivity,4+,1,0,0,16.0,0,645,36
Habit Tracker - HabitKit,0.0,4.85684,1488,196.356096,Productivity,4+,1,0,0,14.0,0,1090,49
Do Habits: Get It Done,0.0,4.03763,16690,106.648576,Productivity,4+,1,0,0,15.0,0,3486,57
"Routine Planner, Habit Tracker",0.0,4.72527,15266,203.568128,Productivity,4+,1,0,0,15.5,0,2489,1
Productive - Habit Tracker,0.0,4.59726,91109,346.368,Productivity,4+,19,0,0,14.0,0,3824,29
Onrise: Habit Tracker & Focus,0.0,4.84054,2082,16.406528,Productivity,4+,2,0,0,13.0,0,1782,872
(Not Boring) Habits,0.0,4.80326,5027,274.183168,Health & Fitness,4+,9,0,0,18.0,0,1437,16
MyRoutine: Routine Habit Goal,0.0,4.79872,3438,196.349952,Productivity,4+,19,0,0,15.5,0,1965,0
Habit — Daily Tracker,0.0,3.69432,2411,40.254464,Productivity,4+,7,0,0,15.0,0,2519,248
Eden: Self Care Habit Tracker,0.0,4.63067,3574,142.490624,Productivity,4+,23,0,0,14,0,1498,1
Finch: Self-Care Pet,0.0,4.94979,571373,505.869312,Health & Fitness,4+,1,0,0,15.6,0,1653,1
Structured - Daily Planner,0.0,4.80407,148593,270.09024,Productivity,4+,28,0,0,17.0,0,2051,4
Streaks,5.99,4.81812,27314,234.824704,Health & Fitness,4+,28,0,0,17.6,0,3825,17
Strides: Habit Tracker + Goals,0.0,4.78911,18347,143.548416,Productivity,4+,10,0,0,16.0,0,4504,31
Habit Rabbit: Habit Tracker,0.0,4.66645,7558,108.630016,Productivity,4+,1,0,0,15.0,0,1527,1
everyday - Habit Tracker,0.0,4.70676,4164,63.931392,Productivity,4+,15,0,0,17.6,0,2660,41
Me+ Lifestyle Routine,0.0,4.80898,222774,373.71904,Health & Fitness,4+,5,0,0,14.0,0,1413,34
Habitify: Habit Tracker,0.0,4.59636,6258,293.014528,Health & Fitness,4+,40,0,0,16.2,0,3366,7
Awesome Habits: Habit Tracker,0.0,4.81008,774,34.180096,Productivity,12+,2,0,0,18.0,0,1976,12
Grit: Daily Habit Tracker,0.0,4.81737,8832,168.47872,Productivity,4+,6,0,0,18.0,0,918,2
Life Reset: 66 Day Habit,0.0,4.68837,9184,159.739904,Health & Fitness,4+,12,0,0,18.0,0,588,1
Habit Tracker: Simple&Powerful,0.0,4.91667,36,23.54176,Lifestyle,4+,15,0,0,17,0,192,3
Way of Life - Habit Tracker,0.0,4.816,4837,27.005952,Health & Fitness,4+,25,0,0,15.6,0,5492,46
Habit Tracker Calendar: Evoday,0.0,4.76223,1308,39.964672,Productivity,4+,1,0,0,15,0,2666,36
HelloHabit - Habit Tracker,0.0,4.89149,2009,94.142464,Productivity,4+,1,0,0,15.6,0,631,5
Habit Tracker - Productify,0.0,4.44467,488,77.264896,Productivity,4+,11,0,0,17.2,0,2704,3
Habitica: Gamified Taskmanager,0.0,4.0301,2193,63.572992,Productivity,4+,17,0,0,16.6,0,3789,3
Day One Journal: Private Diary,0.0,4.83171,113009,161.37728,Health & Fitness,4+,26,0,0,17.0,0,3577,1
Avocation - Habit Tracker,0.0,4.6475,939,20.033536,Productivity,4+,16,0,0,12.0,0,2163,878
Journal & Mental Health. Stoic,0.0,4.83064,32587,270.787584,Health & Fitness,4+,8,0,0,15.0,0,2927,9
Agile Habit Tracker,0.0,4.98485,132,227.913728,Productivity,4+,20,0,0,16.2,0,581,9
Habit-Tracker Routine Planner,0.0,5,14,5.682176,Utilities,4+,3,0,0,15.0,0,110,38
DayStamp - Habit Tracker,0.0,4.59524,462,158.811136,Productivity,4+,6,0,0,16.0,0,2427,60
Daily Habit & Routine Tracker,0.0,4.64093,4690,89.341952,Productivity,4+,36,0,0,15.6,0,2206,90
FocusFlow - Focus Todo Habit,0.0,4.61721,209,127.60064,Productivity,17+,6,0,0,10.0,0,1590,30
HabitMinder • Habit Tracker,0.0,4.62193,5692,51.99872,Health & Fitness,4+,13,0,0,15.0,0,2926,46
Check Calendar - Habit Tracker,0.0,4.76149,1044,42.541056,Productivity,4+,24,0,0,15.1,0,1668,2
HabitFree: Quit Now,0.0,5,1,36.653056,Medical,17+,1,0,0,15.1,0,300,1
Rabit - Daily Routine Planner,0.0,4.72021,193,101.052416,Health & Fitness,4+,7,0,0,12.0,0,2020,393
FrogCount - Habit Tracker,0.0,5,19,17.961984,Health & Fitness,4+,6,0,0,16.0,0,322,1
HabitPanda,0.0,4.71429,14,16.904192,Productivity,4+,1,0,0,12.0,0,2345,1147
Today Habit tracker,0.0,4.67936,3546,287.271936,Health & Fitness,4+,11,0,0,18.0,0,3544,14
Habit Breaker - Quitter,0.0,4.86207,29,80.73728,Health & Fitness,17+,34,0,0,17,0,641,120
Leap Habits - Habit Tracker,0.0,4.7907,86,87.308288,Productivity,4+,1,0,0,14.0,0,1992,1295
Tangerine: Self-care & Goals,0.0,4.7107,6609,95.059968,Health & Fitness,4+,9,0,0,17.0,0,2133,89
Systemize Habit Tracker,0.0,4.83333,6,78.481408,Productivity,4+,10,0,0,16.6,0,1733,13
Habit Tracker - Rabbit,0.0,4.63157,38,62.291968,Productivity,4+,1,0,0,16.1,0,1616,242
Days Since: Quit Habit Tracker,0.0,4.83087,16277,67.324928,Health & Fitness,12+,1,0,0,15.0,0,2287,2
MoHabit - habit tracking,0.0,4.73468,49,139.773952,Productivity,4+,3,0,0,10.0,0,2632,2193
Habit Tracker by Habit Mate,0.0,4.76363,55,137.43616,Productivity,4+,5,0,0,15.0,0,1665,87
DotHabit: Daily Habit Tracker,0.0,4.71171,111,43.450368,Health & Fitness,4+,14,0,0,15.1,0,2582,12
Habit Tracker - Habit Pixel,0.0,4.61111,18,251.927552,Productivity,4+,1,0,0,15.1,0,240,0
Weple Habit - Daily Routine,2.99,4.42856,14,31.838208,Productivity,4+,5,0,0,12.0,0,4398,60
Finale Habits: Daily Tracker,1.99,4.72444,225,6.23616,Productivity,4+,1,0,0,13.0,0,1786,1114
Habit Hopper: Goal Tracker,0.0,5,1,13.494272,Productivity,4+,1,0,0,15.0,0,2189,89
Habit Tracker n Pets: HabitYou,0.0,5,24,141.729792,Health & Fitness,12+,1,0,0,15.6,0,702,20
HabitLocation-Habit Builder,0.0,5,1,37.634048,Productivity,4+,1,0,0,15.0,0,349,210
Forte - Habit Tracker,0.0,4.47499,40,26.30656,Productivity,4+,1,0,0,16.0,0,1998,722
Habitual: Habit Streak Tracker,0.0,4.64286,14,41.407488,Health & Fitness,4+,1,0,0,13.0,0,2275,943
Habit Builder・Atomic Habits AI,0.0,4.75,16,53.716992,Productivity,4+,13,0,0,18.5,0,1060,19
My Habit - Tracker & Reminder,0.0,4.42307,52,61.410304,Productivity,4+,1,0,0,12.0,0,2638,518
Plusminus - Habit tracker,2.99,4.78571,56,97.444864,Productivity,4+,14,0,0,13.0,0,2545,994
Habit Tracker - Habitsy,0.0,5,3,12.0832,Productivity,4+,1,0,0,18.0,0,314,20
My Habits: Daily Habit Builder,0.0,4.33333,3,28.274688,Productivity,4+,1,0,0,9.0,0,4268,1787
Habit Star,0.0,5,13,32.712704,Productivity,4+,1,0,0,13.0,0,1873,678
Habit-Bull: Daily Goal Planner,0.0,4.6669,8067,54.955008,Productivity,12+,1,0,0,14.0,0,3686,509
66 Days - Habit Tracker,0.0,4,8,14.375936,Productivity,4+,11,0,0,18.0,0,2579,29
Habit Tracker - Spark habits,0.0,4.63157,19,41.790464,Health & Fitness,4+,2,0,0,17.0,0,737,402
Habit Tracker & Planner,0.0,5,1,287.84128,Utilities,17+,1,0,0,16.2,0,624,243
Habit Tracker: ShineDay Streak,0.0,4.70976,3156,180.943872,Productivity,4+,4,0,0,16.6,0,3031,2
GetHabit - Easy Habit Tracker,0.0,4.34788,6623,140.084224,Productivity,4+,5,0,0,13.0,0,1822,604
Flat Habits,5.99,4.89473,57,2.321408,Health & Fitness,4+,1,0,0,15.0,0,1709,625
Streaks – Daily Habit Tracker,0.0,5,1,44.05248,Productivity,4+,10,0,0,17.0,0,893,9
HabitLeader,0.0,5,3,86.412288,Productivity,17+,1,0,0,11.0,0,1214,874
HabitTap - Habit Tracker,0.0,4.65217,23,3.091456,Productivity,4+,1,0,0,13.1,0,2168,1300
Simple Habit Tracker,0.0,4.55172,435,22.539264,Productivity,4+,1,0,0,10.0,0,3256,2041
Habit Radar : Habit Tracker,0.0,4.69915,236,100.78208,Productivity,4+,6,0,0,16.6,0,582,49
Habit List,0.0,3.96053,304,4.943872,Productivity,4+,1,0,0,16.2,0,4940,685
Atomic - Habits & Routines,0.0,4.51281,195,252.457984,Productivity,4+,10,0,0,16.0,0,679,302
Habit Tracker l Daily To Dos,0.0,4.73332,270,25.925632,Productivity,4+,26,0,0,15.0,0,1107,391
Atomic: Habit Tracker,0.0,4.76923,13,40.834048,Productivity,4+,1,0,0,15.1,0,750,35
Proofs: Photo Habit Tracker,0.0,5,6,60.480512,Health & Fitness,4+,1,0,0,18.2,0,167,146
Habit Tracker - Motivated,0.0,4.54545,88,71.473152,Productivity,4+,19,0,0,15.0,0,709,35
Daily Habit Tracker - Routine,0.0,4.95652,23,19.593216,Productivity,4+,7,0,0,16.0,0,701,413
Habby – Bullet Journal & Habit,0.0,5,1,27.680768,Lifestyle,4+,1,0,0,15.1,0,309,176
HabitStop,0.0,4.53333,60,23.907328,Productivity,4+,1,0,0,11.0,0,2408,2363
HabitBoard - Habit Tracker,0.0,4.85714,7,140.128256,Productivity,4+,2,0,0,17.0,0,1165,66
Petual | Daily Habits,0.0,4.76596,47,9.97376,Productivity,4+,1,0,0,14.0,0,2161,682
Habit Versions - Tracker,0.0,5,1,26.493952,Productivity,4+,1,0,0,16.0,0,1418,682
Habit Builder,0.0,4.77778,9,40.123392,Productivity,4+,1,0,0,15.0,0,1345,374
Tappsk: ToDo & Habit Tracker,0.0,4.68926,959,85.53472,Productivity,4+,18,0,0,15.1,0,2528,14
Atomic habits+,0.0,4.39806,103,322.765824,Health & Fitness,4+,1,0,0,14.0,0,1208,287
Habit Tracker - TickOff,0.0,5,6,71.630848,Productivity,4+,1,0,0,15.5,0,350,31
Habit Check Calendar,0.0,4.90541,74,40.264704,Productivity,4+,24,0,0,15.1,0,1253,1
HabitLink: Habits with Friends,0.0,4.70833,24,106.062848,Productivity,4+,2,0,0,17.1,0,146,3
Habit: Daily routine tracker,0.0,4.90909,55,45.062144,Health & Fitness,4+,33,0,0,14.0,0,3441,180
Continuo - Habit Tracker,0.0,4.80797,276,17.045504,Productivity,4+,4,0,0,17.0,0,3726,53
HabitShare - Habit Tracker,0.0,4.59652,632,19.09248,Productivity,4+,1,0,0,13.0,0,3668,1027
Habit Hub: Routine & Schedule,0.0,4.65652,7983,20.985856,Productivity,4+,1,0,0,16.0,0,3331,0
1% Habit,4.99,4.53846,13,1.031168,Health & Fitness,4+,1,0,0,17.0,0,688,434
Habit Tracker - HabitStack,0.0,4.65574,122,170.882048,Productivity,4+,1,0,0,17.0,0,602,190
DailyReview - Habits Tracker,0.0,5,5,35.385344,Productivity,4+,2,0,0,11.0,0,3242,1961
Habits and Routines,0.0,3.66667,3,25.37984,Lifestyle,4+,1,0,0,11.0,0,3344,2878
Coach.me - Goals & Habits,0.0,3.50888,169,23.003136,Productivity,4+,1,0,0,12,0,4831,29
Habit Quest: RPG Habit Tracker,0.0,4.625,8,69.19168,Productivity,4+,1,0,0,15.1,0,428,7
Quitter - Daily Habit Tracker,0.0,4.4,15,9.901056,Health & Fitness,4+,2,0,0,13.0,0,2139,1611
Forfeit: Habit Contracts,0.0,4.74319,257,286.76608,Productivity,4+,1,0,0,17.4,0,1226,9
HabitDay,0.0,4.3,10,24.235008,Productivity,4+,2,0,0,9.0,0,2668,1004
Habit Hunter・RPG Habit Tracker,0.0,4.63026,760,112.44032,Games,4+,1,0,0,13.0,0,2524,53
Habit Tracker - HabitBox,0.0,4.46154,26,30.52032,Productivity,4+,1,0,0,15.1,0,358,55
Lilith - Habit Widgets,0.0,5,3,7.218176,Lifestyle,4+,10,0,0,17.0,0,262,89
Squad Atomic Habits & Streaks,0.0,4.51786,56,51.571712,Productivity,4+,1,0,0,15.0,0,1058,205
Habit Tracker: Atomic Habits,0.0,5,3,40.219648,Productivity,4+,1,0,0,16.0,0,284,191
ManyHats — Habit Tracker,0.0,4.89655,29,35.26144,Productivity,4+,1,0,0,11.0,0,2148,1779
Habit Tracker - Habit Rewards,0.0,4.69643,112,69.22752,Productivity,4+,1,0,0,14.0.0,0,562,2
Atomic Habit Tracker HabitEase,0.0,4.90909,11,22.04672,Productivity,4+,8,0,0,17.0,0,1370,260
HabitApp daily habit checklist,0.0,4.625,8,80.758784,Productivity,4+,1,0,0,17.4,0,1932,10
Smile Todo - Time Management,0.0,4.8686,16667,88.625152,Productivity,4+,6,0,0,15.6,0,1751,8
iHabit-habit tracker,0.0,4.88235,17,1.65376,Productivity,17+,2,0,0,15,0,3686,116
Habit Tracker & Reminder -Rise,0.0,4.5,6,39.404544,Productivity,4+,2,0,0,13.0,0,1740,1537
NoMore - Quit Your Bad Habit,0.0,4.25,4,2.332672,Lifestyle,4+,2,0,0,16.0,0,460,61
TickTick:To-Do List & Calendar,0.0,4.85862,39078,285.741056,Productivity,4+,38,0,0,15.5,0,4536,0
"Habitudes, daily habit tracker",0.0,4.35294,17,30.066688,Lifestyle,4+,33,0,0,15.0,0,983,88
Habicy: Social Habit Tracker,0.0,5,1,116.279296,Lifestyle,4+,1,0,0,14.0,0,490,35
Grow - Habit Builder,0.0,5,5,41.352192,Productivity,4+,1,0,0,11.1,0,2563,2398
Mini Day: Good Habits,0.0,5,1,23.223296,Productivity,4+,44,0,0,15.6,0,484,130
Routick - Habit ToDo,0.0,4,5,39.708672,Productivity,4+,2,0,0,13.0,0,2294,480
Ultiself | Self-Improvement,0.0,4.33749,3606,261.117952,Health & Fitness,4+,10,0,0,15.0,0,2018,14
Rooted - Habit Tracker,0.0,5,1,57.50784,Productivity,4+,1,0,0,12.0,0,598,273
Pixelist - Habit Tracker,0.0,4.88,100,33.340416,Productivity,4+,1,0,0,11.0,0,2082,1968
Habits Garden: Upgrade life,0.0,5,18,50.19648,Productivity,4+,1,0,0,13.0,0,1031,405
Habit Manager by Arootah,0.0,4.34783,23,35.56864,Productivity,4+,1,0,0,13.0,0,801,16
Streak: Habit Tracker,0.0,4.5,2,1.765376,Productivity,4+,1,0,0,17.4,0,428,78
Habit Tracker - Habit Diary,0.0,3.66667,3,51.295232,Productivity,4+,9,0,0,11.0,0,1553,657
Radish - Making Habits,0.0,4,9,10.144768,Health & Fitness,12+,2,0,0,16.0,0,2794,42
HabitBe - Weekly Habit Tracker,0.0,4.44827,29,42.129408,Productivity,4+,3,0,0,17.0,0,1865,10
Habit Tracker Daily Routine,0.0,5,3,2.746368,Productivity,4+,1,0,0,18.0,0,695,65
Charm - Habit Tracker,0.0,5,2,61.345792,Productivity,4+,1,0,0,14.0,0,1781,1486
Habit Tracker - RoutineLock,0.0,5,3,13.435904,Productivity,4+,1,0,0,16.0,0,32,30
Sup - Better Habits,0.0,4.5373,5053,70.479872,Health & Fitness,12+,50,0,0,16,0,3086,20
Habio - Daily Habit Tracker,0.0,4.28911,3957,84.7872,Health & Fitness,4+,1,0,0,13.4,0,1870,554
Habit Tracker: Habit Streak,0.0,4.72973,37,70.115328,Productivity,4+,21,0,0,15.1,0,507,24
Duse - Habit Tracker,0.0,4.5625,16,46.67904,Productivity,4+,15,0,0,16.6,0,261,6
Winable: Winning Habit Tracker,0.0,5,12,56.69888,Productivity,12+,1,0,0,14.0.0,0,676,122
Happy Habits - Habit Tracker,0.0,4.67441,43,13.674496,Productivity,4+,1,0,0,13.0,0,2009,1721
Track daily activity or habits,0.0,4.82759,29,77.549568,Lifestyle,4+,7,0,0,15.0,0,1944,20
Elevate: Daily Planner&Habit,0.0,3.91667,12,41.296896,Productivity,4+,5,0,0,16.0,0,646,147
Habitime - Daily Habit Tracker,0.0,4.91176,34,36.800512,Productivity,4+,2,0,0,14.0,0,752,304
Habit Mentor - Self Discipline,0.0,4.375,8,13.229056,Health & Fitness,4+,1,0,0,13.0,0,1933,651
HabitDots - Life&Habit Tracker,0.0,4.75,4,36.791296,Productivity,4+,2,0,0,12.0,0,632,367
Routine Planner : Small Habit,0.0,4.89655,29,45.082624,Productivity,4+,1,0,0,17.6,0,1052,73
Habits: Don't Break The Chain,0.0,5,4,27.010048,Productivity,4+,1,0,0,15.1,0,252,218
Build & Break - Habit Garden,0.0,5,1,72.881152,Productivity,12+,1,0,0,14,0,62,31
WillPower: Habit Timer,0.0,4.57143,49,4.594688,Productivity,4+,15,0,0,15.0,0,3838,17
One's Habit - Habit Tracker,0.0,5,6,62.123008,Productivity,4+,1,0,0,15.0,0,1512,246
Badabits - Stop kid bad habits,0.0,4.5,16,90.412032,Education,4+,1,0,0,9.0,0,2036,2011
Daily Habits - Habit Tracker,0.0,4.39322,295,35.218432,Productivity,4+,1,0,0,11.0,0,3306,1647
HabiDo,0.0,4.25,8,141.801472,Lifestyle,4+,1,0,0,13.0,0,1494,423
Build Habits Slowly,0.0,5,4,30.097408,Health & Fitness,4+,1,0,0,15.1,0,1464,27
Ehabit:Habit Tracker & Planner,0.0,5,2,2.394112,Productivity,4+,8,0,0,17.0,0,50,10
HabitGlass: The Habit Tracker,0.0,5,2,59.879424,Productivity,4+,1,0,0,17.0,0,69,45
Habit Circle,0.0,5,1,2.031616,Productivity,4+,2,0,0,17.0,0,722,481
I Didn‘t - Not a Habit Tracker,0.0,4,1,27.927552,Productivity,4+,1,0,0,14.5,0,855,524
HabitX – Habit & Goal Tracker,0.0,4.73332,30,22.412288,Productivity,4+,1,0,0,15.6,0,2235,57
Clooock In - Habit Tracker,0.0,4.42856,7,19.620864,Productivity,4+,3,0,0,9.0,0,1962,738
Smart Habit - Progress Streaks,0.0,4.85246,61,12.07808,Lifestyle,12+,2,0,0,15.0,0,1674,249
Habit Tracker Grid,0.0,4.4878,123,49.732608,Productivity,4+,3,0,0,17.0,0,429,5
Simple Habits - Habit Tracker,0.0,4.54167,24,5.182464,Productivity,4+,1,0,0,17.0,0,4781,91
Days Without: Break Bad Habits,0.0,5,3,18.018304,Productivity,4+,1,0,0,13.6,0,388,165
HabitHero: Kid Routine Tracker,0.0,5,2,6.070272,Productivity,4+,10,0,0,9.0,0,1147,158
Confetti Habits,0.0,4.40506,79,44.32896,Productivity,4+,1,0,0,9.0,0,1786,1785
HabitDone -Daily Habit Tracker,0.0,4.69841,126,61.789184,Productivity,4+,5,0,0,12.0,0,670,341
"Focus Friend, by Hank Green",0.0,4.72763,3275,462.047232,Productivity,9+,1,0,0,13.0,0,120,5
Firefox Focus: Privacy browser,0.0,4.66059,77375,85.016576,Utilities,17+,75,0,0,15.0,0,3634,66
Flora - Green Focus,0.0,4.75824,80489,697.358336,Productivity,4+,3,0,0,16.4,0,2996,0
Focus - Userscripts & Player,0.0,4.68857,1872,33.946624,Utilities,17+,16,0,0,13.0,0,1232,2
BPS Focus,0.0,1.72593,270,16.804864,Education,4+,1,0,0,13.4,0,2568,499
Focus Traveller - Flow Timer,0.0,4.88142,3137,777.358336,Productivity,4+,7,0,0,16.2,1,1612,26
Focus Keeper - Pomodoro Timer,0.0,4.79833,30715,466.12992,Productivity,4+,12,0,0,16.0,0,4218,1
Forest: Focus for Productivity,3.99,4.83187,46233,775.550976,Productivity,4+,14,0,0,16.0,0,4212,1
Focos,0.0,4.72541,51219,345.777152,Photo & Video,4+,34,0,0,14.0,0,2942,58
Focus To-Do: Focus Timer&Tasks,0.0,4.80614,14031,123.025408,Productivity,4+,28,0,0,9.0,0,3916,292
Study Bunny: Focus Timer,0.0,4.72265,18666,128.997376,Productivity,4+,1,0,0,12.0,0,2262,338
Pomodoro - Focus Timer,0.0,4.74592,10540,121.872384,Productivity,4+,3,0,0,15.0,0,3030,129
Focus Tree: Timer & Flashcards,0.0,4.69334,3587,243.825664,Education,4+,4,0,0,16.1,0,1123,1
FocusPomo · Pomodoro Timer,0.0,4.76532,5791,129.106944,Productivity,4+,6,0,0,16.0,0,1914,16
Opal: Screen Time Control,0.0,4.78838,60508,234.472448,Productivity,4+,6,0,0,17.0,0,1801,2
Focus Plant: Forest phone lock,0.0,4.72247,5131,297.432064,Productivity,4+,13,0,0,11.0,1,2271,53
Focus - Timer for Productivity,0.0,4.40948,1646,213.387264,Productivity,4+,7,0,0,17.0,0,3873,7
FocusFlight - Deepfocus Timer,0.0,4.89018,4098,163.803136,Productivity,4+,6,0,0,17.0,0,303,16
Flipd: focus & study timer,0.0,4.51419,6873,100.14208,Productivity,4+,2,0,0,13.0,0,3521,268
Exocus | Painless Focus,0.0,4.86047,43,65.94048,Productivity,4+,3,0,0,13.0,0,588,9
Be Focused – Focus Timer,0.0,4.71354,4259,43.660288,Productivity,4+,1,0,0,15.0,0,3892,219
Cat On Chair - Focus Timer,0.0,4.89583,48,495.357952,Productivity,4+,7,0,0,17.0,0,85,9
Flow: Focus & Pomodoro Timer,0.0,4.77931,1595,64.251904,Productivity,4+,19,0,0,17.2,0,2601,27
one sec | screen time + focus,0.0,4.83699,21484,208.086016,Productivity,4+,30,0,0,15.0,0,1878,44
Plantie - Stay focused,0.0,4.7237,1911,90.962944,Productivity,4+,18,0,0,16.6,0,3141,85
Emphasis: Flow & Focus Timer,0.0,4.67243,1041,67.001344,Productivity,4+,1,0,0,17.0,0,4313,7
Focus Tomato - Let's focus now,0.0,4.89509,1630,111.939584,Productivity,9+,3,0,0,16.6,0,2270,17
Focus timer - time keeper,0.0,4.60804,1518,44.171264,Productivity,4+,33,0,0,11.0,0,3103,423
Brain.fm: Focus & Sleep Music,0.0,4.52956,4702,132.846592,Productivity,4+,1,0,0,15.1,0,3333,10
Be Focused Pro - Focus Timer,12.99,4.63593,2961,43.72992,Productivity,4+,1,0,0,15.0,0,3949,217
FLIP - Focus Timer for Study,0.0,4.52784,862,146.910208,Education,4+,11,0,0,15.0,0,2575,0
Focus Hero: Achieve your Goals,0.0,4.55002,2938,179.536896,Productivity,9+,1,0,0,15.0,0,586,114
Focus: Pomodoro Study Timer,0.0,4.82609,115,47.079424,Education,4+,32,0,0,14.0,0,2710,2
Ultimate Focus - Visual Timer,0.0,4.74576,118,93.022208,Productivity,4+,6,0,0,15.0,0,1029,9
BlockSite: Block Apps & Focus,0.0,4.22021,5522,98.62144,Productivity,4+,1,0,0,16.0,0,2272,1
Focused Pupa - Earn PupaCoin,0.0,4,3,119.983104,Productivity,12+,2,0,0,13.0,0,1547,491
iHour - Focus Time Tracker,0.0,4.80958,793,370.622464,Productivity,4+,3,0,0,12.0,0,4466,55
LocasFocus: Social Focus Timer,0.0,4.25,4,138.333184,Productivity,4+,1,0,0,17.0,0,259,4
Pomodoro & Focus Timer - DEEP,0.0,4.23529,85,75.511808,Productivity,4+,1,0,0,15.0,0,1731,260
Focus Dog: Productivity Timer,0.0,4.697,868,82.940928,Productivity,4+,8,0,0,12.0,0,2862,301
Pomodoro Timer: Stay Focused,0.0,4.66667,663,43.446272,Productivity,4+,1,0,0,13.0,0,4244,587
My Little Pomodoro: Focus,0.0,4.86,50,225.975296,Productivity,4+,15,0,0,12.0,0,118,22
Focus Level,0.0,5,3,16.159744,Productivity,4+,2,0,0,13.0,0,1695,1121
OffScreen: Screen Time Control,0.0,4.47973,2368,120.281088,Health & Fitness,4+,3,0,0,13.0,0,2263,14
POKA Focus,0.99,3.75,4,27.8272,Productivity,4+,2,0,0,12.0,0,2234,1603
Sue’s Focus Travel,0.0,4.78817,203,72.506368,Productivity,4+,3,0,0,13.0,0,1449,1433
Focus - Control Screen Time,0.0,4.75,16,59.148288,Productivity,4+,33,0,0,18.0,0,1005,23
Pomocat - Adorable Focus Timer,0.0,4.86721,369,150.339584,Productivity,4+,1,0,0,15.0,0,854,2
Freedom: Screen Time Control,0.0,4.37317,4711,55.211008,Productivity,4+,2,0,0,16.1,0,2581,8
ChickFocus: Pomodoro Timer,0.0,4.77406,478,100.315136,Productivity,9+,5,0,0,13.0,0,1148,0
"Focus Space: Work, Study Timer",0.0,4.68519,54,91.419648,Productivity,4+,1,0,0,17.0,0,1149,151
BePresent: Screen Time Control,0.0,4.83913,22018,149.90848,Productivity,4+,1,0,0,16.0,0,1148,0
FocusCommit - Pomodoro Timer,0.0,4.17647,17,35.941376,Productivity,4+,1,0,0,15.0,0,2174,287
Just Focus - Focus Timer,0.0,4.73723,137,40.531968,Productivity,4+,3,0,0,10.0,0,2769,2547
Bluebird Focus Timer,0.0,4.78864,511,18.516992,Productivity,4+,12,0,0,15.6,0,2232,13
Jomo - Screen Time Blocker,0.0,4.7341,1557,195.841024,Productivity,4+,10,0,0,16.0,0,1131,16
Focus Noodles-Study timer,3.99,4.74054,185,210.624512,Productivity,4+,17,0,0,12.0,0,2095,307
Focus: Study Timer,0.0,4.66667,48,55.555072,Productivity,17+,1,0,0,15.6,0,1366,2
Focus Clock,0.0,4.17647,17,58.687488,Utilities,17+,9,0,0,11.0,0,1966,211
Zario: Screen Time & Focus AI,0.0,4.59999,55,187.297792,Productivity,4+,1,0,0,17.0,0,1343,238
Yoodoo: ADHD Planner & Focus,0.0,4.125,64,101.878784,Productivity,4+,1,0,0,13,0,1073,2
"Tiny Timer: Focus, Study, Work",0.0,4.61111,18,66.3296,Productivity,4+,9,0,0,17.6,0,1730,48
Time To Focus,0.0,5,1,1.7152,Productivity,4+,1,0,0,17.0,0,1012,320
Age of Pomodoro: Focus timer,0.0,4.8835,103,165.768192,Productivity,4+,11,0,0,11.0,1,346,233
Flow - Focus & Study Timer,0.0,4.75676,37,3.306496,Productivity,4+,0,0,0,18.0,0,1596,43
Pomodoro Timer: One Thing,0.0,4.73653,167,89.736192,Productivity,4+,5,0,0,17.0,0,567,1
Intentify: Daily Focus App,0.0,5,4,15.199232,Productivity,4+,1,0,0,14.0,0,1614,1604
Focus Tomato 2: Pomodoro Timer,0.0,5,4,41.044992,Productivity,4+,3,0,0,17.6,0,105,17
FocusBox - TimeBox Focus Timer,0.0,3.92308,13,14.327808,Lifestyle,4+,3,0,0,16,0,2154,0
Session Pomodoro Focus Timer,0.0,4.78198,344,101.28384,Productivity,4+,23,0,0,13.4,0,1939,14
JING Focus - Calm Down & Focus,0.0,4.65318,173,72.242176,Productivity,4+,2,0,0,11.0,0,3497,1284
FocusPasta | Focus Timer,0.0,4.5,2,24.172544,Productivity,4+,1,0,0,16.3,0,323,301
Focus Farm: Study Timer,0.0,4.83333,6,91.58656,Productivity,4+,1,0,0,18.2,0,147,91
Focus Bubble: Focus Together,0.0,5,1,17.788928,Productivity,4+,1,0,0,18.0,0,35,28
"Focus Timer, App Block - FIFTN",0.0,5,1,10.637312,Productivity,4+,1,0,0,17.6,0,17,16
Finding Focus,0.0,4.63,100,75.543552,Productivity,4+,1,0,0,15.1,0,2659,105
Pomodoro Focus Timer: Balance,0.0,4.63999,25,36.606976,Productivity,4+,1,0,0,17.0,0,937,40
Sharper: Focus Timer,0.0,5,1,65.533952,Productivity,4+,1,0,0,16.0,0,48,8
PomoLite - Focus Timer Keeper,0.0,4.85714,7,7.651328,Productivity,4+,2,0,0,16.1,0,547,458
BUSY – Advanced Focus Timer,0.0,4,8,38.541312,Productivity,4+,3,0,0,18.0,0,248,27
Focus Quest: Study buddy,0.0,4.71014,483,248.18176,Productivity,12+,2,0,0,11.0,0,1725,0
Focus Italia,0.0,4.59999,10,89.464832,News,12+,1,0,0,12.0,0,4590,259
FabFocus - Portrait Mode Blur,3.99,4.72061,6006,20.24448,Photo & Video,4+,8,0,0,11.0,0,3319,2088
Distractionless Focus Timer,0.99,4.14286,7,1.313792,Productivity,4+,1,0,0,13.0,0,1989,688
Foqos,0.0,4.88511,470,8.48896,Productivity,4+,1,0,0,17.6,0,385,6
Repeat Timer: Interval Remind,0.0,4.54934,6819,61.490176,Utilities,4+,1,0,0,14.0,0,5111,2
Helm - Your Focus Companion,0.0,5,3,39.94112,Productivity,4+,1,0,0,16.0,0,97,1
Focus Time Activity Tracker,5.99,4.46154,13,14.446592,Productivity,4+,5,0,0,16.0,0,5839,702
Study Timer: Focus & Pomodoro,0.0,4.75,12,452.873216,Education,4+,2,0,0,15.0,0,1059,0
Clarymind: Screen Time + Focus,0.0,4.72973,37,222.144512,Health & Fitness,4+,3,0,0,16.4,0,715,4
AirFocus,0.0,5,2,107.889664,Productivity,4+,1,0,0,17,0,28,18
Phone Jail - Tools for Focus,0.0,5,4,97.774592,Productivity,4+,1,0,0,17.6,0,100,2
Focus Builder,69.99,4.22222,18,53.885952,Medical,12+,0,0,0,8.0,0,4695,349
Pomodoro Hero: Focus Timer,0.0,4.71929,114,110.27968,Productivity,4+,1,0,0,10.2,0,1793,1220
Breaktime: Focus App Blocker,0.0,4.78788,33,18.169856,Productivity,4+,1,0,0,17.0,0,102,0
Focus Up: AI Focus Timer,0.0,4,1,39.061504,Productivity,4+,1,0,0,17.6,0,299,62
FocusTimer - Pomodoro & ToDo,0.0,4.55556,27,30.833664,Productivity,4+,6,0,0,12.0,0,2478,1830
Be Present: Focus Sound &Timer,0.0,4.74737,95,140.440576,Productivity,4+,1,0,0,16.2,0,538,34
Focus@Will: Control Your ADD,0.0,4.17051,651,59.035648,Productivity,9+,1,0,0,11.0,0,4562,1177
DayNinja - Flow & Focus Timer+,0.0,4,4,52.425728,Productivity,4+,0,0,0,11.0,0,3256,1584
Focusability: Stop Daydreaming,0.0,5,5,43.11552,Productivity,12+,1,0,0,16.2,0,1058,115
Focused Work - Pomodoro Timer,0.0,4.72835,589,154.985472,Productivity,4+,1,0,0,16.0,0,1899,94
Focusing - Keep focused,0.0,4.39655,58,56.82176,Productivity,4+,2,0,0,10.0,0,2151,2079
Circle: stay focused,1.99,4.5,2,9.52832,Education,4+,22,0,0,12.0,0,3102,1006
Focus Timer - Work With Friend,0.0,3.9,10,154.308608,Productivity,4+,8,0,0,13.0,0,809,48
Tiimo: AI Planner & To-do,0.0,4.54047,8648,243.59936,Productivity,4+,23,0,0,17.0,0,2215,0
Focus Timer & To-Do: ELmNTS,0.0,4.79244,53,137.854976,Productivity,4+,1,0,0,17.4,0,463,196
Power Focus - Work Break Timer,0.0,4.6967,455,6.244352,Productivity,4+,10,0,0,15.0,0,3926,1340
Saplingy - Stay Focused,0.0,4.47541,61,21.310464,Productivity,4+,2,0,0,11.0,1,3215,2527
Focus on the Family App,0.0,4.17671,249,52.43904,Education,4+,5,0,0,15.1,0,5646,8
Engross: Focus Timer & To-Do,0.0,4.56098,41,49.32608,Productivity,4+,6,0,0,16.6,0,2133,41
Pomodoro Focus Timer: To Do,0.0,4,9,44.626944,Productivity,4+,1,0,0,17.0,0,1492,3
Bento Focus · Focus Timer,0.0,4.07024,242,102.85056,Productivity,4+,1,0,0,15.1,0,1327,17
Stay Focused: Countdown Timer,0.0,5,1,10.274816,Productivity,4+,3,0,0,13.0,0,1522,1480
FocusMate: Screen Time Control,0.0,4,14,59.72992,Productivity,4+,1,0,0,17.0,0,157,12
Focal - Tasks in Focus,0.0,4.78571,42,56.951808,Productivity,4+,1,0,0,12.0,0,1933,1299
Creative Focus,0.0,5,1,18.558976,Productivity,4+,1,0,0,16.6,0,63,21
Breathe Sleep Focus Mindllama,0.0,4.89062,8219,301.228032,Health & Fitness,4+,12,0,0,16.0,0,1079,70
Focus Watch - Stay Focused,0.0,4.65137,109,75.350016,Productivity,4+,3,0,0,9.3,0,3861,2633
Focus Fish,0.0,5,1,195.611648,Productivity,4+,1,0,0,13.0,0,2,1
Mind the Focus,4.99,3.33333,3,12.192768,Productivity,4+,2,0,0,18.6,0,660,5
Meow Clock - Keep focused,0.0,4.66912,136,51.057664,Utilities,4+,9,0,0,11.0,0,1820,934
Capybara Focus·Pomodoro Timer,0.0,4.97222,36,60.935168,Productivity,4+,8,0,0,16,0,619,16
Pomo Timer - Focus & Study,0.0,5,14,12.40576,Productivity,4+,2,0,0,14.0,0,1770,1416
Pomodoro Timer | Stay Focused,0.0,4.92593,27,15.976448,Productivity,4+,1,0,0,17.0,0,297,159
"Clarify: ADHD Organizer, Timer",0.0,4.33741,2374,439.11168,Health & Fitness,4+,3,0,0,17.0,0,807,2
Win Focus: ADHD Focus Timer,0.0,4.8,15,260.619264,Productivity,4+,1,0,0,13.0,0,449,280
GoblinX - AI focus & habits,0.0,4.47499,120,126.897152,Productivity,12+,1,0,0,16,0,819,28
AvocaDO - Time & focus Keeper,0.0,4.60268,448,185.457664,Productivity,4+,7,0,0,13.0,0,1445,931
Pomodoro Focus Timer - YouCan,0.0,4.59459,74,30.32576,Productivity,4+,5,0,0,16.1,0,912,442
BlankPage - stay focused,0.0,4.4644,323,51.946496,Productivity,4+,2,0,0,15.6,0,1622,63
Limit: Screen Time for Focus,0.0,3.42857,7,57.05216,Productivity,4+,6,0,0,16.1,0,634,104
Stay Focused App/Site Blocker,0.0,4.4207,618,11.727872,Productivity,4+,15,0,0,16.6,0,1029,102
Focus - Train your Brain,0.0,4.76053,760,242.510848,Health & Fitness,4+,1,0,0,15.0,0,1113,4
Mars Craft - Focus Build Timer,0.0,4.59406,404,257.606656,Productivity,4+,10,0,0,10.0,0,2670,1955
FocusBand Brain Training,0.0,3.75,4,75.199488,Health & Fitness,4+,1,0,0,8.0,0,3809,2079
Deep Wave Focus,0.0,5,2,46.64832,Lifestyle,4+,1,0,0,17.2,0,76,15
DOS Focus,0.0,4,1,28.453888,Productivity,4+,1,0,0,15.1,0,33,28
Cub: Self Care Pet & Focus,0.0,4.70096,2809,146.714624,Health & Fitness,12+,1,0,0,16.4,0,839,4
Focus Pets: stay focused,0.0,4.66667,3,168.370176,Productivity,4+,1,0,0,16.6,0,183,120
Orange - Focus Timer,0.0,5,3,28.860416,Productivity,4+,1,0,0,10.3,0,3025,2028
FocusFishing - Focus Timer,0.0,5,1,105.076736,Productivity,4+,5,0,0,17.0,0,23,2
WeFocus: App Blocker & Focus,0.0,4.85714,7,11.169792,Productivity,4+,1,0,0,17.0,0,24,2
(Not Boring) Vibes,0.0,4.87032,1951,308.508672,Health & Fitness,4+,2,0,0,18.0,0,876,14
Deep Focus Flow Timer,0.0,5,2,21.495808,Productivity,4+,3,0,0,18.0,0,226,162
Sue’s Focused Travels (Pro),0.99,4.8,15,72.506368,Productivity,4+,3,0,0,13.0,0,2050,1435
ADHD planner & focus organizer,0.0,5,2,18.853888,Productivity,17+,1,0,0,18.0,0,28,0
ScreenTime+ | Focus App Block,0.0,4.35294,17,28.343296,Productivity,4+,2,0,0,16.0,0,1158,1102
Focus Task: Focus on one thing,0.0,4.37255,51,10.167296,Productivity,4+,1,0,0,12.0,0,3088,1784
Actions: To Do List Organizer,0.0,4.6417,9601,251.19232,Productivity,4+,12,0,0,15.0,0,2835,17
Pomodrop: Focus & Breathing,0.99,5,1,3.633152,Productivity,4+,6,0,0,17.6,0,239,64
Study Circle - The Focus App,0.0,4.75,16,111.635456,Education,4+,7,0,0,13,0,660,21
Focus Bear Pomodoro Timer,0.59,5,2,4.299776,Productivity,4+,1,0,0,16.0,0,434,420
Thiro,0.0,4.81633,49,66.250752,Productivity,4+,3,0,0,14.0,0,1607,232
Focus Timer & Keeper - Study,0.0,4.88889,9,34.066432,Productivity,4+,24,0,0,16.6,0,1121,148
iDay: Focus. Meditation,0.0,4.68571,70,102.03136,Productivity,4+,3,0,0,10.0,0,2384,1247
Pomodoro focus timer for study,0.0,4.65822,79,48.13824,Productivity,4+,11,0,0,16.6,0,1692,162
Foco - time and focus keeper,0.0,4.5,10,2.997248,Productivity,4+,1,0,0,11.0,0,2649,2616
Focus Dial,3.99,5,5,14.082048,Productivity,4+,1,0,0,18.0,0,333,58
Pomodoro - Focus+,0.0,4.85859,99,21.645312,Productivity,4+,1,0,0,12.4,0,1831,747
Soundscape: Sleep Calm & Focus,0.0,4.88176,1979,109.282304,Health & Fitness,4+,6,0,0,17.0,0,455,0
Focus Bear,0.0,4.83333,6,60.526592,Productivity,4+,2,0,0,16.0,0,233,13
Lock In: Focus Timer & Blocker,0.0,5,5,27.720704,Productivity,4+,1,0,0,17.0,0,203,30
Center - ADHD Focus Music,0.0,4.66667,15,68.873216,Productivity,4+,1,0,0,18.0,0,205,175
Wellness At Your Side,0.0,4.75792,8237,17.562624,Health & Fitness,12+,19,0,0,17.0,0,3942,9
Well Digital,0.0,4.94284,19173,72.679424,Health & Fitness,12+,2,0,0,16.0,0,2159,22
Quabble: Daily Mental Health,0.0,4.78702,2221,428.585984,Health & Fitness,12+,1,0,0,16.1,0,827,1
Wellness Coach,0.0,4.84164,4231,338.244608,Health & Fitness,12+,86,0,0,15.1,0,2549,1
Wellhub (Gympass),0.0,4.37242,7811,107.628544,Health & Fitness,4+,7,0,0,15.1,0,4192,0
Mantra - Daily Affirmations,0.0,4.83974,32154,245.714944,Health & Fitness,4+,8,0,0,14.0,0,3206,294
Personify Health,0.0,4.81855,233319,429.570048,Health & Fitness,4+,21,0,0,16.0,0,4327,3
MWH: Fitness + Wellness,0.0,4.90262,5494,154.277888,Health & Fitness,4+,1,0,0,15.0,0,2179,6
ALO Wellness Club,0.0,4.88978,28400,100.337664,Health & Fitness,4+,1,0,0,15.0,0,4620,15
Daylio Journal - Daily Diary,0.0,4.77292,56249,213.541888,Lifestyle,4+,30,0,0,14.0,0,3221,24
"FORM: Strength, Pilates, Gym",0.0,4.89326,3279,70.77376,Health & Fitness,4+,1,0,0,15.0,0,1512,15
Liven: Discover yourself,0.0,4.42988,27503,184.993792,Health & Fitness,17+,11,0,0,16.0,0,842,0
28 Period & Cycle Tracker,0.0,4.66094,5353,158.953472,Health & Fitness,17+,1,0,0,14.0,0,1123,111
Sol - Let's Grow Together,0.0,4.87031,1172,121.5744,Health & Fitness,4+,1,0,0,14.0,0,2285,18
Navigate Wellbeing,0.0,4.68733,3355,135.631872,Health & Fitness,4+,2,0,0,13.0,0,2516,72
Wellworks For You,0.0,4.29924,1965,37.66784,Health & Fitness,4+,1,0,0,13.0,0,4775,20
Goddess・Women's Wellness Coach,0.0,4.79517,869,190.268416,Health & Fitness,4+,2,0,0,15.6,0,1841,31
The Wellness Corner,0.0,4.38095,21,352.172032,Health & Fitness,4+,12,0,0,15.6,0,3359,90
Fitnexa: AI Wellness Companion,0.0,4.78204,1927,216.846336,Health & Fitness,12+,4,0,0,15.0,0,391,4
Sharecare: Health & Well-being,0.0,4.58094,8438,205.46048,Health & Fitness,12+,1,0,0,15.0,0,3212,48
Therabody,0.0,4.65578,5973,263.41888,Health & Fitness,12+,9,0,0,16.0,0,2511,3
SociEATy: Non-Diet Wellness,0.0,4.70866,127,60.283904,Health & Fitness,17+,1,0,0,13.4,0,708,226
The Vitamin Shoppe - VShoppe,0.0,4.82015,40313,69.435392,Health & Fitness,4+,1,0,0,15.6,0,3306,19
meOrigin: daily wellness,0.0,4.81684,475,116.59264,Health & Fitness,4+,1,0,0,14.0,0,1240,589
Walkingspree,0.0,4.6634,4284,89.445376,Health & Fitness,4+,10,0,0,12.0,0,3122,50
Nouri Wellness,0.0,5,6,19.375104,Health & Fitness,4+,1,0,0,13.0,0,492,274
EasyWellness,0.0,4.91892,37,172.555264,Health & Fitness,4+,1,0,0,13.0,0,1522,1131
Soothe: Wellness On Demand,0.0,4.68341,13358,147.464192,Health & Fitness,4+,2,0,0,14.0,0,4296,6
Terryberry Be Well,0.0,4.62083,32700,91.623424,Health & Fitness,4+,16,0,0,16.0,0,4241,15
LiveWell with Advocate Aurora,0.0,4.69241,163147,166.995968,Medical,12+,2,0,0,16.2,0,3906,199
°degree Wellness,0.0,5,6,125.995008,Health & Fitness,4+,17,0,0,14.0,0,2469,410
SIX Emotional Wellness Tracker,0.0,4.48276,58,200.433664,Health & Fitness,4+,1,0,0,16.0,0,868,16
Embr Wave 1: Thermal Wellness,0.0,4.77783,2102,87.337984,Health & Fitness,4+,1,0,0,11.4,0,2925,1165
iHerb: Vitamins & Supplements,0.0,4.79974,164178,109.370368,Shopping,4+,23,0,0,15.0,0,4482,6
Kun Being: Workforce Wellness,0.0,4.42856,7,52.8384,Health & Fitness,4+,1,0,0,13.0,0,1403,245
Flourish: 24/7 Wellness Buddy,0.0,4.96474,312,156.982272,Health & Fitness,4+,1,0,0,15.0,0,665,1
Nike Training Club,0.0,4.84761,270589,257.002496,Health & Fitness,4+,17,0,0,17.0,0,6153,9
Kris Carr,0.0,5,50,128.251904,Lifestyle,12+,1,0,0,16.0,0,365,0
SHA Wellness Clinic,0.0,4.59999,5,38.81472,Health & Fitness,17+,1,0,0,12.0,0,2696,275
Vivoo: Your Wellness Platform,0.0,4.87445,2485,230.444032,Health & Fitness,12+,1,0,0,15.6,0,2610,1
HARVEST wellness center,0.0,5,1,128.840704,Health & Fitness,4+,17,0,0,14.0,0,2495,65
Revitalize Wellness,0.0,4.9,100,107.06944,Lifestyle,4+,22,0,0,15.0,0,1876,217
SoWa Health + Wellness.,0.0,4.59551,89,108.399616,Health & Fitness,17+,8,0,0,15.0,0,654,47
EGYM Wellpass,0.0,4.42856,14,163.310592,Health & Fitness,12+,2,0,0,15.0,0,2534,0
Walking on Earth (WONE),0.0,4.42856,7,205.766656,Lifestyle,12+,1,0,0,15.1,0,1749,2
BodyWave: Health Tracker,0.0,4.5827,7364,332.448768,Health & Fitness,4+,5,0,0,14.0,0,596,8
MyRepeat: Patient Rewards,0.0,4.94234,16892,119.641088,Health & Fitness,17+,1,0,0,14.0,0,841,0
Next|Health,0.0,4.17856,28,23.779328,Health & Fitness,4+,1,0,0,15.1,0,2671,0
CARROT Wellness,0.0,4.42778,2347,88.30976,Health & Fitness,4+,1,0,0,16.0,0,4004,2
iTOVi,0.0,4.6801,4689,283.849728,Health & Fitness,4+,1,0,0,15.6,0,3694,2
AlwaysOn Wellness,0.0,4.03465,2049,149.742592,Health & Fitness,12+,2,0,0,16.0,0,3935,6
Practice Better,0.0,3.66056,1691,145.913856,Health & Fitness,12+,1,0,0,12.2,0,2664,13
St. Jude Wellness Center,0.0,5,1,129.717248,Health & Fitness,4+,17,0,0,14.0,0,1036,65
Alaveda,0.0,4.2806,670,9.803776,Health & Fitness,12+,1,0,0,12.1,0,2897,8
LifeSpeak,0.0,5,5,107.357184,Education,12+,1,0,0,15.1,0,2393,52
Peak Health & Wellness Center,0.0,4.7619,294,108.058624,Health & Fitness,4+,1,0,0,14.0,0,1707,63
"Holos, your wellness journey",0.0,5,2,32.395264,Health & Fitness,4+,1,0,0,13.4,0,2351,15
GNC LiveWell,0.0,4.47387,10026,69.66784,Shopping,4+,1,0,0,14.0,0,5417,34
MaryRuth’s,0.0,4.90653,3980,57.485312,Shopping,4+,1,0,0,15.1,0,2203,1
Stressbusters Wellness,0.0,4.69231,13,28.243968,Health & Fitness,17+,1,0,0,13.4,0,4468,245
Visera Link,0.0,4.61111,198,145.503232,Health & Fitness,4+,10,0,0,17.0,0,890,10
Ohio State: Wellness,0.0,4.4375,16,92.708864,Education,4+,1,0,0,15.0,0,2123,972
Serenity: Wellness Tracker,0.0,3.86802,394,116.250624,Health & Fitness,4+,1,0,0,18.0,0,3651,283
Stay Well Park MGM,0.0,5,1,29.57824,Lifestyle,4+,1,0,0,8.0,0,2989,2989
Manifesting Perfect Wellness,0.0,4.77419,31,219.204608,Lifestyle,4+,1,0,0,11.0,0,1814,1734
Blue Wellness Rewards,0.0,4.33333,30,40.363008,Health & Fitness,17+,1,0,0,15.1,0,1433,6
Sessions Wellness Studio,0.0,5,4,51.958784,Health & Fitness,4+,6,0,0,11.0.0,0,1363,580
Engage Wellbeing,0.0,4.75715,26337,122.315776,Medical,17+,15,0,0,16.0,0,2984,3
Wellness Reimagined,0.0,5,1,70.700032,Health & Fitness,4+,3,0,0,16.0,0,1234,3
The Wellness Centre,0.0,4,1,124.213248,Health & Fitness,4+,17,0,0,14.0,0,3822,183
Upful Blends,0.0,4.94137,614,58.5472,Shopping,4+,27,0,0,15.1,0,2087,8
UBYou Campus Wellness,0.0,4.55556,9,93.725696,Health & Fitness,4+,1,0,0,13.0,0,1174,19
Reju | Wellness & Therapy,0.0,4.80952,63,70.974464,Health & Fitness,4+,1,0,0,13.2,0,2109,296
Alight Well,0.0,4.72036,1577,67.173376,Health & Fitness,12+,1,0,0,12.4,0,2290,82
Lifeline Wellness,0.0,5,2,188.532736,Lifestyle,4+,1,0,0,14.0,0,242,0
WealthOnWellness,0.0,4.63636,11,43.2384,Business,4+,1,0,0,9.0,0,2455,198
Fullscript,0.0,4.92598,82938,73.58464,Health & Fitness,17+,1,0,0,15.1,0,945,2
Health Meets Wellness,0.0,5,4,79.985664,Health & Fitness,17+,1,0,0,16.0,0,791,314
RxWell,0.0,4.46565,393,79.650816,Health & Fitness,4+,1,0,0,13,0,1935,342
Tapping with T,0.0,5,25,49.586176,Health & Fitness,4+,1,0,0,15.0,0,1178,14
EMPWR by Wellness,0.0,4.5,8,149.525504,Health & Fitness,12+,1,0,0,12.0,0,460,1
Wellness Community,0.0,4.5,2,42.405888,Health & Fitness,4+,1,0,0,13.0,0,602,413
Vyfy Wellness Club,0.0,5,1,114.552832,Health & Fitness,4+,1,0,0,11.0,0,1533,1343
LIFT Wellness,0.0,5,1,11.665408,Health & Fitness,4+,1,0,0,12.0,0,962,20
Spree: Social Health Shopping,0.0,5,13,107.036672,Shopping,12+,1,0,0,17.0,0,1570,624
Goodville: Farm Game Adventure,0.0,4.59159,39993,551.400448,Games,12+,8,0,0,12.0,1,1835,19
LiveWell App,0.0,5,6,39.181312,Health & Fitness,4+,5,0,0,16.6,0,931,43
Beyond Body,0.0,4.23407,5857,34.174976,Health & Fitness,4+,1,0,0,13.4,0,1687,84
Bodifi Wellness,0.0,4.93243,74,100.47488,Health & Fitness,4+,1,0,0,14.0,0,1064,244
KSU REC-WELLNESS,0.0,4.5,2,44.913664,Health & Fitness,4+,1,0,0,14.0,0,1920,473
Bravo Wellness Program App,0.0,4.2,5,38.054912,Health & Fitness,17+,1,0,0,15.0,0,889,295
Lume: Stress & Wellness Coach,0.0,5,1,23.134208,Health & Fitness,12+,1,0,0,13.4,0,456,107
Cacti Wellness,0.0,4.84999,20,50.847744,Health & Fitness,4+,1,0,0,15.0,0,1745,426
Healing Arts Massage&Wellness,0.0,5,1,132.314112,Health & Fitness,4+,17,0,0,14.0,0,1802,68
Avibra: Well-Being & Benefits,0.0,4.93783,8334,100.528128,Health & Fitness,4+,1,0,0,14.0,0,2495,219
SFSU Mashouf Wellness Center,0.0,5,6,44.827648,Health & Fitness,17+,1,0,0,14.0,0,2221,474
Journey of Intrinsic Health,0.0,4.95833,96,104.707072,Health & Fitness,12+,1,0,0,16.0,0,1449,40
Rally®,0.0,4.68168,49090,149.050368,Health & Fitness,12+,2,0,0,14.0,0,3796,450
Wellbeats,0.0,3.22222,36,93.121536,Health & Fitness,4+,1,0,0,15.1,0,3571,25
HeiaHeia,0.0,4.69663,89,35.770368,Health & Fitness,4+,21,0,0,14.0,0,4339,6
Berry - Wellness,0.0,4.69055,1228,43.536384,Health & Fitness,17+,1,0,0,13.4,0,457,279
Anecdote: Wellness Companion,0.0,5,2,67.449856,Health & Fitness,17+,1,0,0,15.1,0,7,6
Results Wellness Lifestyle,0.0,5,3,231.906304,Health & Fitness,17+,1,0,0,13.0,0,2368,2
FX Well+,0.0,4.77966,59,184.605696,Health & Fitness,4+,1,0,0,15.1,0,1051,32
ThinkUp-Daily Affirmations app,0.0,4.74616,7422,144.242688,Health & Fitness,4+,1,0,0,17.6,0,3998,108
Wellness Coach - MyHealth,0.0,4.125,64,63.104,Health & Fitness,12+,6,0,0,9.0,0,4481,26
J Wellness,0.0,4,4,25.778176,Health & Fitness,17+,1,0,0,12.0,0,1256,18
Ease Wellness,0.0,5,1,60.832768,Health & Fitness,4+,6,0,0,11.0.0,0,973,271
NavegaWell,0.0,5,1,5.540864,Health & Fitness,4+,1,0,0,16.6,0,1930,17
Create Healthy Wellness Center,0.0,3,3,40.269824,Health & Fitness,4+,1,0,0,13.0,0,1500,91
For Wellness,0.0,4.83721,43,51.678208,Food & Drink,4+,27,0,0,15.1,0,762,5
YogaSix,0.0,4.8665,16832,159.543296,Health & Fitness,12+,1,0,0,16.0,0,2535,23
Khushi (CWC),0.0,5,2,76.47232,Health & Fitness,12+,1,0,0,13.0,0,1341,482
Alive by Whitney Simmons,0.0,4.90097,41800,128.61952,Health & Fitness,4+,1,0,0,15.0,0,2127,6
MedPass Plans,0.0,4.91489,47,204.961792,Health & Fitness,12+,1,0,0,13.0,0,611,195
creACTive Wellness Center,0.0,5,3,31.437824,Health & Fitness,4+,6,0,0,9.0.0,0,1779,1778
Elect Wellness,0.0,5,3,13.17376,Health & Fitness,4+,1,0,0,12.0,0,2541,406
Smile Wellness,0.0,5,1,62.859264,Health & Fitness,4+,0,0,0,16.6,0,317,14
Baby2Body: Pregnancy Wellness,0.0,4.67753,5430,268.504064,Health & Fitness,12+,1,0,0,14.0,0,3438,1
Anyo for wellness,0.0,5,2,80.930816,Health & Fitness,4+,1,0,0,15.1,0,807,80
Noom Vibe: Steps with Friends,0.0,4.71589,18623,334.15168,Health & Fitness,12+,1,0,0,16.0,0,1500,131
NEUAGE Mobile,0.0,5,2,70.762496,Lifestyle,12+,1,0,0,13.0,0,223,218
NeuraMind: AI Mental Wellness,0.0,5,6,53.837824,Health & Fitness,12+,12,0,0,13.4,0,500,300
My Well-Being Index,0.0,3.76923,13,9.560064,Health & Fitness,17+,3,0,0,12.0,0,2995,562
نفس - Nafas,0.0,4.55319,329,189.7984,Health & Fitness,4+,2,0,0,16.6,0,2193,4
CenterPoint Wellness,0.0,5,3,132.158464,Health & Fitness,4+,17,0,0,14.0,0,3004,70
My Wellness Solutions,0.0,5,2,99.405824,Health & Fitness,12+,1,0,0,14.0,0,1662,308
Mindbase | Health and Wellness,0.0,4.16667,6,8.22272,Health & Fitness,4+,6,0,0,15.6,0,1191,10
Unleash Health,0.0,5,4,268.292096,Health & Fitness,17+,1,0,0,17.1,0,78,2
LIAISON HEALTH & WELLNESS,0.0,5,47,132.160512,Health & Fitness,4+,1,0,0,14.0,0,510,16
Key Studios & Wellness,0.0,5,1,94.728192,Health & Fitness,4+,1,0,0,15.0,0,183,76
Ohms: Daily Mood & Wellness,0.0,4.875,104,124.391424,Health & Fitness,4+,1,0,0,16,0,1079,195
Treo Wellness,0.0,5,8,37.060608,Health & Fitness,4+,1,0,0,13.4,0,423,166
Haute Wellness,0.0,4.95238,21,8.065024,Health & Fitness,17+,1,0,0,16.1,0,809,559
WellSteps,0.0,4.04762,42,16.140288,Health & Fitness,4+,1,0,0,13.0,0,4064,209
Onward by NeuroFlow,0.0,4.63705,2656,113.655808,Health & Fitness,12+,2,0,0,13.0,0,2969,6
Peak Health & Wellness MSLA,0.0,4.7839,634,107.08992,Health & Fitness,4+,1,0,0,14.0,0,1207,64
Sprout at Work,0.0,4.81663,5328,39.276544,Health & Fitness,12+,8,0,0,12.4,0,4122,36
Sonic Boom Wellness,0.0,2.77778,63,98.771968,Health & Fitness,4+,1,0,0,15.6,0,3061,7
YOUNIQUE WELLNESS,0.0,5,3,79.50336,Health & Fitness,4+,16,0,0,9.0,0,3565,2687
Water and Wellness,0.0,4.96774,62,116.946944,Health & Fitness,4+,22,0,0,15.0,0,1429,61
Hypnosis for Health & Wellness,0.0,4.7,40,27.905024,Health & Fitness,17+,1,0,0,8.0,0,3307,2895
eMoods Wellness Tracker,0.0,4.78735,174,49.206272,Lifestyle,4+,1,0,0,12.0,0,2048,400
MyWellPortal,0.0,3.97059,34,46.327808,Health & Fitness,12+,1,0,0,13.0,0,2906,54
EQWELL,0.0,5,1,38.019072,Health & Fitness,17+,1,0,0,13.4,0,360,2
The HEAL Wellness Platform,0.0,5,1,24.237056,Health & Fitness,4+,1,0,0,14.0,0,1079,342
ZON Health - Premium Wellness,0.0,5,2,32.933888,Health & Fitness,17+,1,0,0,15.5,0,821,257
RestFuel Wellness Studio,0.0,5,1,76.337152,Lifestyle,4+,1,0,0,13.0,0,623,100
Curio Wellness,0.0,3.75,4,69.098496,Health & Fitness,17+,1,0,0,11.0,0,1343,496
Longevity Wellness Hub,0.0,5,2,57.119744,Health & Fitness,4+,1,0,0,15.1,0,373,47
Pulsetto Wellness,0.0,4.73189,2637,137.35936,Lifestyle,4+,1,0,0,15.6,0,1181,14
Wellframe,0.0,4.75311,10377,94.143488,Medical,17+,3,0,0,17.0,0,4748,56
MORE Wellness,0.0,5,9,46.094336,Health & Fitness,4+,1,0,0,13.0,0,917,36
Wellness360,0.0,4,1,53.746688,Health & Fitness,17+,1,0,0,15.1,0,534,23
Positive Daily Affirmations ·,0.0,4.80356,56,32.57856,Lifestyle,4+,1,0,0,12.4,0,1241,856
OSIM Well-Being,0.0,5,1,245.271552,Health & Fitness,4+,4,0,0,14.0,0,1396,27
LiveHealth Online Mobile,0.0,4.904,82449,42.58816,Medical,12+,2,0,0,15.0,0,4414,5
Antistress - Relaxing games,0.0,4.80396,76819,239.396864,Games,4+,1,0,0,12.5,0,3194,19
Found It! Hidden Object Game,0.0,4.7626,140153,527.200256,Games,17+,8,0,0,13.0,1,1126,5
Feelsy: Stress Relief · Relax,0.0,4.68925,105753,365.674496,Health & Fitness,4+,9,0,0,13.4,0,1529,153
Hex: Anxiety Relief Relax Game,0.0,4.82176,10761,165.612544,Games,4+,8,0,0,12.0,1,3012,631
Destress Relaxing Games,0.0,4.70144,6096,189.530112,Games,12+,1,0,0,13.0,0,594,32
Triple A - Touch Visualizer,0.0,4.72389,7736,72.016896,Entertainment,4+,2,0,0,15.6,0,3920,96
Satiszone: Perfect ASMR Tidy,0.0,4.84604,27338,1057.226752,Games,4+,8,0,0,13.0,0,358,110
My Oasis: Anxiety Relief Game,0.0,4.66667,9195,320.5376,Games,4+,14,0,0,12.0,1,2961,401
Zen Word® - Relax Puzzle Game,0.0,4.89283,331332,360.674304,Games,12+,25,0,0,15.0,0,1038,5
Star Art: Drawing & Relaxing,0.0,4.68593,25577,348.870656,Games,12+,19,0,0,13.0,0,1716,400
Slices: Relax Puzzle Game,0.0,4.57589,320986,605.886464,Games,12+,38,0,0,13.0,0,2983,631
iBreathe – Relax and Breathe,0.0,4.86512,17208,19.01568,Health & Fitness,4+,1,0,0,17.0,0,2934,16
DIY Projects - Art Puzzle Game,0.0,4.61782,9938,447.408128,Games,4+,32,0,0,14.0,1,1019,28
Zen Match - Relaxing Puzzle,0.0,4.57822,254516,294.070272,Games,12+,19,0,0,13.0,0,1597,8
Forest Island,0.0,4.78873,23557,902.080512,Games,12+,14,0,0,13.0,0,1492,0
Lola: Stream Lofi Music,0.0,4.83564,3322,227.654656,Health & Fitness,4+,1,0,0,13.0,0,1357,3
ASMR Studio 3D: Ultimate Relax,0.0,4.59602,64567,203.737088,Games,12+,8,0,0,13.0,0,1658,182
Word Lanes: Relaxing Puzzles,0.0,4.66011,41181,258.065408,Games,4+,11,0,0,13.0,1,1917,88
Paint by Number Oil: Hey Color,0.0,4.73684,160959,462.086144,Games,17+,13,0,0,14.0,1,2418,279
Water Sort Puzzle,0.0,4.71434,324228,243.41504,Games,12+,6,0,0,13.0,1,1973,96
Solitaire Relax®: Classic Card,0.0,4.70441,147626,194.915328,Games,4+,13,0,0,13.0,0,910,77
Ryahs Rhythm: Relaxing Games,0.0,4.89641,946,328.522752,Games,4+,1,0,0,14.0,1,1419,9
Relax with AJ,2.99,4.86207,29,80.817152,Medical,4+,1,0,0,12.4,0,6127,758
Redecor - Home Design Game,0.0,4.7182,266721,175.254528,Games,12+,1,0,0,12.4,1,2050,8
Pondlife — Relaxing Fish Game,0.0,4.84401,5667,614.032384,Games,4+,11,0,0,14.1,1,246,0
Word Tiles: Relax n Refresh,0.0,4.69583,17915,224.002048,Games,4+,1,0,0,13.0,0,2369,23
Breathwrk: Breathing Exercises,0.0,4.76643,17969,679.1168,Health & Fitness,12+,1,0,0,17.6,0,2198,48
Vibro Massage: Relaxing Feel,0.0,1,2,46.066688,Health & Fitness,17+,1,0,0,16.0,0,113,108
Happy Color by Numbers Game,0.0,4.80198,3203237,376.71936,Games,17+,20,0,0,13.0,0,2670,8
Laser: Relaxing & Anti-Stress,0.0,4.617,10752,168.426496,Games,4+,20,0,0,13.0,1,2528,89
Fluid Simulation,0.0,4.88063,83280,90.595328,Entertainment,4+,30,0,0,13.0,0,2557,3
Hidden Objects: Relax Puzzle,0.0,4.74956,13033,155.195392,Games,12+,24,0,0,15.0,0,1246,110
I Love Hue,0.0,4.89853,47943,48.278528,Games,4+,10,0,0,8.0,1,3220,1087
Calm Radio - Music to Relax,0.0,4.64701,3748,136.782848,Music,12+,10,0,0,12.0,0,4064,14
Maze: Puzzle and Relaxing Game,0.0,4.56475,1135,240.615424,Games,4+,8,0,0,12.5,1,1360,49
"Relax Sounds - Relaxing Nature & Ambient Melodies - Help for Better Sleep, Baby Calming, White Noise, Meditation & Yoga",0.0,4.75691,2316,66.363392,Health & Fitness,4+,8,0,0,8.0,0,4352,3629
Zen Color - Color By Number,0.0,4.81207,342076,244.677632,Games,12+,25,0,0,15.0,0,1700,14
Jellyfish Heaven - Relax Time,0.0,4.19902,412,80.196608,Entertainment,4+,2,0,0,11.0,0,4824,934
Relax: Meditation & Breathing,0.0,4.90323,62,75.687936,Health & Fitness,4+,1,0,0,9.0,0,2145,2096
BlessedPath: Stress Relief,0.0,4.66198,12230,669.059072,Health & Fitness,4+,16,0,0,16.0,0,2591,93
Flow Free,0.0,4.78558,374973,71.483392,Games,4+,11,0,0,12.0,1,4914,272
ASMR Simulator-Makeover&Relax,0.0,4.51549,26895,316.079104,Games,12+,1,0,0,13.0,0,1218,86
"Dot Connect: Antistress, Relax",0.0,4.57143,42,97.455104,Games,4+,1,0,0,11.0,1,3270,1226
Cradle of Empires・Match 3 game,0.0,4.58364,34365,274.072576,Games,4+,14,0,0,12.0,1,4186,19
"Relax: sleep, meditation",0.0,5,7,66.696192,Health & Fitness,4+,1,0,0,13.0,0,311,91
Sandbox - Pixel Art Coloring,0.0,4.73479,970261,20.716544,Entertainment,4+,7,0,0,9.0,0,3092,107
Infinity Loop: Relaxing Puzzle,0.0,4.19784,647,103.896064,Games,4+,17,0,0,12,1,3892,394
Cats & Soup,0.0,4.87817,334243,1356.616704,Games,4+,15,0,0,13.0,1,1500,0
Tile Garden: Relaxing Puzzle,0.0,4.74275,90779,472.095744,Games,12+,8,0,0,13.0,0,1863,41
Tappy: Self Care Fidgeter,0.0,4.81376,17649,269.710336,Games,4+,1,0,0,15.0,1,2156,0
Magic Jigsaw Puzzles－Games HD,0.0,4.75431,379255,396.768256,Games,4+,11,0,0,15.0,0,5236,5
Otium Word: Relax Puzzle Game,0.0,4.66648,133696,285.415424,Games,4+,1,0,0,13.0,0,607,28
Terrarium: Garden Idle,0.0,4.90876,260870,259.964928,Games,4+,10,0,0,14.0,1,2666,8
"Bird Sounds, Listen & Relax",0.0,4.56758,6244,61.832192,Health & Fitness,4+,4,0,0,12.0,0,3327,943
Relax Jigsaw Puzzle for Adults,0.0,4.79113,11256,294.910976,Games,4+,9,0,0,13.0,0,2058,4
Sugar Blast: Pop & Relax,0.0,4.71698,25461,236.901376,Games,4+,15,0,0,13.0,0,2326,37
Sleep Sounds: Calm & Relax,0.0,4.76923,13,237.500416,Entertainment,4+,1,0,0,13.0,0,2081,215
"Nature Melody — Soothing, Calming, and Relaxing Sounds to Relieve Stress and Help Sleep Better (Free)",0.0,4.75122,4297,218.522624,Medical,4+,31,0,0,7.1,0,4384,3886
Zen Master: Design & Relax,0.0,4.92593,7641,387.746816,Games,4+,12,0,0,15.0,0,819,2
Zen Koi 2,0.0,4.76053,28897,152.047616,Games,4+,11,0,0,13.0,1,2898,28
Relax Sounds - Calming,0.0,4.62378,1228,411.44832,Health & Fitness,4+,1,0,0,17.0,0,2419,114
Merge Mansion: Mystery Puzzles,0.0,4.56019,188665,350.068736,Games,12+,9,0,0,15.0,0,1891,7
2048,0.0,4.38357,34661,87.79264,Games,12+,6,0,0,13,1,4264,0
"RainSound: Focus, Relax, Sleep",0.0,4.69888,1169,44.255232,Lifestyle,4+,1,0,0,16.0,0,4682,536
Rootd: Panic Attacks & Anxiety,0.0,4.8186,9708,133.144576,Health & Fitness,4+,12,0,0,15.6,0,2964,1
TaoZen - Relax & Sleep Sounds,0.0,4.56088,813,77.630464,Health & Fitness,4+,1,0,0,13.0,0,2323,1036
Deep Sleep and Relaxation,0.0,4.40824,801,116.975616,Health & Fitness,9+,1,0,0,10.3,0,3963,2617
Triple A HD: Guided Meditation,0.0,4.40641,4087,251.052032,Entertainment,4+,23,0,0,15,0,1403,97
Oriental Relaxing Sounds,0.0,4.66706,3397,34.62144,Health & Fitness,4+,4,0,0,9.0,0,4244,2870
Deep Relax Sleep Music,0.0,4.61057,4332,105.724928,Health & Fitness,4+,4,0,0,9.0,0,4620,1236
Relaxing Games by StressBall+,0.0,4.72581,62,252.06784,Entertainment,4+,17,0,0,16.0,0,720,137
Makeup Slime Game! Relaxation,0.0,4.05037,2640,267.502592,Games,9+,8,0,0,13.0,0,2456,36
hypnu™: Sleep & Relax Hypnosis,0.0,4.76471,51,88.410112,Health & Fitness,12+,1,0,0,17.6,0,2050,65
Relax melodies ambiance chuva,0.0,4.64865,259,98.384896,Health & Fitness,4+,11,0,0,16.6,0,1632,0
Power Line: Antistress & Relax,0.0,4.67856,112,101.448704,Games,4+,1,0,0,11.0,1,3914,1226
The Tapping Solution,0.0,4.81278,22056,150.603776,Health & Fitness,4+,1,0,0,16.0,0,2596,0
Traffic Frenzy : Jam Escape,0.0,4.73926,26870,353.753088,Games,17+,8,0,0,13.0,0,301,2
Breathing Exercises Breathe+,0.0,4.66807,3332,156.812288,Health & Fitness,4+,9,0,0,17.0,0,3450,251
Relax My Dog: Calmly,0.0,4.46565,131,49.952768,Lifestyle,4+,9,0,0,14.0,0,1266,99
Nature Sounds: Relax and Sleep,0.0,4.75298,336,91.148288,Health & Fitness,4+,1,0,0,12.0,0,2045,0
Solitaire·,0.0,4.56409,711896,269.837312,Games,12+,12,0,0,13.0,1,4677,14
Zentomino Free - Relaxing alternative to tangram puzzles,0.0,4.54348,46,42.679296,Games,4+,1,0,0,8.1,0,6103,3688
Mini games calm and relax,0.0,4.62857,35,290.854912,Games,4+,1,0,0,13.0,0,654,21
Stress Ball - Anxiety Relief,0.0,4.83014,1725,117.12512,Health & Fitness,4+,1,0,0,13.0,0,1786,41
Water Relaxing Sounds,0.0,4.4902,51,45.201408,Lifestyle,4+,1,0,0,9.0,0,4507,2727
RelaxWatch: Stress&HRV Tracker,0.0,4.48819,381,181.177344,Health & Fitness,4+,6,0,0,15.6,0,244,6
Venue: Relaxing Design Game,0.0,4.77242,12246,275.65056,Games,4+,8,0,0,15.0,0,437,23
Relax by meditone,0.0,4.59999,15,204.474368,Health & Fitness,4+,2,0,0,12.0,0,5305,624
Relax Radio,0.0,4.74864,1106,11.091968,Music,4+,1,0,0,13.0,0,4940,72
Word Relaxing: Calm Puzzle,0.0,5,9,425.759744,Games,12+,8,0,0,12.0,0,1020,646
Relax with C.A.R.E.,0.0,5,9,77.744128,Health & Fitness,9+,4,0,0,15.0,0,1695,29
Match Tile 3D,0.0,4.75684,95008,790.237184,Games,12+,8,0,0,13.0,1,1711,2
Relaxing Toys Mini Games,0.0,4.46344,2626,604.242944,Games,17+,1,0,0,13.0,0,414,5
Sleep & Relax Sounds - Sleepia,0.0,4.4,20,53.52448,Health & Fitness,4+,5,0,0,9.0,0,3054,2587
Bricks Breaker Quest,0.0,4.32545,17830,201.552896,Games,4+,16,0,0,13.0,1,2943,21
Relief: Meditation and Relax,0.0,4,26,71.504896,Health & Fitness,12+,3,0,0,14.0,0,1165,1041
Relaxing Games For Adults™,0.0,4.51851,108,36.685824,Games,4+,1,0,0,18.0,0,71,71
Triple Match 3D,0.0,4.92143,333659,1239.686144,Games,4+,13,0,0,12.0,1,1317,1
Impulse - Brain Training,0.0,4.74918,794212,198.902784,Health & Fitness,4+,21,0,0,16.0,0,2465,3
Stress Less - Learn to Relax,0.0,4.62263,53,39.344128,Health & Fitness,12+,1,0,0,11.0,0,2455,2319
Word Relax - Zen Puzzle Games,0.0,4.90896,670,263.450624,Games,4+,1,0,0,13.0,0,1769,35
Linko 2 - Relaxing Loop Shape,0.0,4.33333,3,108.42112,Games,4+,8,0,0,13.0,1,1260,28
Breathe2Relax,0.0,4.24841,314,122.596352,Health & Fitness,4+,1,0,0,14.0,0,5356,7
Relax: Focus & Stress Relief,0.0,4.71429,14,114.390016,Health & Fitness,4+,2,0,0,10.0,0,2219,749
Naturespace Holographic Audio,0.0,4.85329,4376,86.011904,Health & Fitness,4+,5,0,0,15.0,0,6054,4
Alice's Dream ： Merge Games,0.0,4.60799,17717,450.920448,Games,17+,8,0,0,12.0,0,1065,21
Number Match: 2048 Puzzle,0.0,4.80197,51674,461.945856,Games,12+,1,0,0,13.0,0,983,8
Stress Relief & Relaxing Games,0.0,4.60888,473,232.644608,Games,4+,22,0,0,12.0,0,1764,71
Reiki Relaxation Hypnosis,0.0,4.72308,195,147.214336,Health & Fitness,4+,1,0,0,9.0,0,5158,2221
Tile Explorer: Tiles Clear!,0.0,4.93768,154795,335.941632,Games,4+,62,0,0,15.0,0,552,0
"Solitaire Calm, Relax and Play",0.0,4.60881,363,164.03456,Games,4+,8,0,0,13.0,1,1911,100
Satisdom,0.0,4.66974,94749,346.983424,Games,4+,8,0,0,13.0,0,594,165
Mini Relaxing Game 2,0.0,4.02878,1529,213.712896,Games,9+,1,0,0,13.0,0,258,78
"Classic Melody — Relaxing, Calming, and Soothing Instrumental Music to Relieve Stress and Help Sleep Better (Free)",0.0,4.65421,107,89.10336,Lifestyle,4+,1,0,0,7.1,0,3914,3893
Linko - Relaxing Loop,0.0,3.92308,26,154.959872,Games,4+,8,0,0,12.0,1,1349,28
Mini Antistress Relaxing Games,0.0,4.67544,58110,359.40864,Games,4+,1,0,0,13.0,0,602,62
Vibrator - Relax Massager App,0.0,4.05274,14977,93.459456,Utilities,4+,11,0,0,14.0,0,2227,203
Relax SoundMachine - Sensity,0.0,4.70563,231,210.103296,Health & Fitness,4+,1,0,0,15.0,0,1246,118
Daily Slimes & Fluid Simulator,0.0,4.58619,2825,229.614592,Lifestyle,4+,1,0,0,14.0,1,1045,721
Enlighten - Relax and meditate,0.0,4.66667,12,160.073728,Health & Fitness,4+,1,0,0,12.0,0,3872,1157
Mood: Relaxing Sounds,0.0,4.63157,38,72.438784,Health & Fitness,4+,13,0,0,12.0,0,2097,902
Fidget Pro - Relaxing Toys,0.0,4.60926,691,177.690624,Health & Fitness,17+,1,0,0,13.0,0,948,770
Relax Solitaire!,0.0,4.60079,8214,200.194048,Games,4+,1,0,0,13.0,1,179,1
Polysphere: Art Puzzle 3D,0.0,4.55382,607487,296.01792,Games,12+,32,0,0,13.0,0,2523,29
Audicin: Relax & Focus Audio,0.0,4.875,8,91.036672,Health & Fitness,4+,1,0,0,16.0,0,659,14
Yobi Live · Relax,0.0,4.2,5,303.450112,Utilities,17+,5,0,0,13.0,0,662,14
Calm Exercise,0.0,5,5,111.818752,Health & Fitness,4+,1,0,0,12.0,0,1468,1048
Tiki Solitaire TriPeaks,0.0,4.61306,133013,344.390656,Games,4+,35,0,0,13.0,0,4116,0
Relax-TV,0.0,5,1,91.4432,Lifestyle,4+,1,0,0,13.0,0,1472,56
Relaxing Nature Sleep Sounds,0.0,4.76684,579,102.3744,Health & Fitness,4+,1,0,0,16.6,0,3022,89
Norbu: Antistress & Relax,0.0,4.61538,13,150.36416,Health & Fitness,4+,15,0,0,13.0,0,2050,209
Frequency: Healing Sounds,0.0,4.67976,1680,219.584512,Health & Fitness,12+,1,0,0,15,0,4474,22
Superchill Muscle Relaxation,0.0,4.4,110,104.239104,Health & Fitness,12+,1,0,0,17.6,0,2269,84
Artbook - Paint by Number,0.0,4.73363,53012,79.663104,Lifestyle,4+,2,0,0,13.0,0,2649,75
